epiweek,cases,temp_min,temp_med,temp_max,precip_min,precip_med,precip_max,precip_tot
201001,211,23.5045634109261,26.2935753334221,30.3970526950856,0.00488587936811498,0.0717058214576504,0.31345273088474,55.1319978648184
201002,127,23.6291665686024,26.4193544994597,30.5045041649328,0.0054852595322078,0.0760689850610486,0.32720226725358,58.3993319359132
201003,101,23.7335516069516,26.5893151960706,30.6932609196569,0.00631587300601502,0.0814203333219264,0.342547253833697,62.3997801255972
201004,133,23.817897835453,26.7845929418341,30.9333326638725,0.00734206513493439,0.0875942120026189,0.359126634692564,67.0093478009804
201005,223,23.8823845635862,26.9863232553292,31.1947291021945,0.00852818126436363,0.0944249668654615,0.376579353897654,72.104040329173
201006,374,23.9271911008306,27.1756416551354,31.4474599392378,0.00983856673970047,0.10174694367279,0.394544355516442,77.559863077285
201007,600,23.9513953155399,27.3262549876135,31.6506877073202,0.0112226745329662,0.109408227759906,0.412762450373886,83.2638147064567
201008,900,23.9592034975024,27.4199854308793,31.7738900539573,0.0126997698229757,0.117266798758768,0.430888963826752,89.1087755146554
201009,1248,23.9453711669463,27.4414374855035,31.7945418296852,0.0141651940926099,0.125074760666692,0.448321040108881,94.908511000412
201010,1602,23.9135877496733,27.3924574292409,31.7110796379911,0.0156179458126087,0.132782728247609,0.46487360240802,100.625725198454
201011,1924,23.8648476250835,27.2730346917671,31.5210297679215,0.0170037332038081,0.140123622478629,0.47990354112667,106.060065619919
201012,2183,23.7979839062715,27.0945343542408,31.2422630366841,0.0182602656967057,0.146690631585604,0.49222520339484,110.904827973657
201013,2369,23.7141538458135,26.8753258672961,30.902850514705,0.0193258822322975,0.152082720634021,0.50064374489463,114.859219826657
201014,2485,23.6145114118893,26.6322722443947,30.5288881221107,0.0202125121690776,0.15621178127926,0.504844437405917,117.858699892381
201015,2545,23.4972494106877,26.380412191736,30.1453605583269,0.0209525045650421,0.159294115972248,0.505576756235067,120.068968880036
201016,2561,23.3625404843965,26.1269641145672,29.7643310959109,0.0215869665236143,0.161611076112058,0.503853911217554,121.704039818222
201017,2542,23.2107966941375,25.8741094415725,29.3885906344535,0.0221314092219444,0.163423931820695,0.500714443653636,122.963268417221
201018,2494,23.0410529797054,25.6209625619735,29.0188828238074,0.0226276067050567,0.165016064045636,0.497111766126631,124.062503470473
201019,2419,22.8505487398185,25.3661779930337,28.6568845373779,0.0230876017692128,0.166455725145343,0.493388309366402,125.055099238186
201020,2319,22.6372690063025,25.1051993814376,28.2998142131435,0.0235300293970119,0.167788890327554,0.489810184504592,125.977339673713
201021,2197,22.3990624222945,24.8362120847215,27.9502936545307,0.0238636735911175,0.168543177654854,0.485135499300032,126.474070983544
201022,2060,22.1370400547139,24.5609962592626,27.6138111752865,0.024021827016272,0.168333366791887,0.478276215279305,126.255526748164
201023,1917,21.8552956145263,24.2824828177932,27.2958171092948,0.0239533951958741,0.166898990828749,0.468587280965969,125.125874898169
201024,1778,21.5602287093039,24.0043806053695,27.0004810976309,0.0236486859795714,0.16417208974685,0.456008144192699,123.034027833175
201025,1645,21.2583280541398,23.7313109586177,26.7315782987064,0.023129145554342,0.160342024249054,0.441086916992802,120.123216333857
201026,1518,20.9597069226239,23.4688145807663,26.4912225213796,0.0224140652550007,0.155507147066784,0.424047741448763,116.468256372669
201027,1395,20.6755821129658,23.2239158273703,26.2821852053577,0.0215248198460048,0.149813828971955,0.405358083213687,112.180451917107
201028,1275,20.4184882065629,23.0038833569195,26.1068278139443,0.0205228553340813,0.14354793756512,0.385781842177549,107.476318182815
201029,1159,20.1995753915417,22.8164494632186,25.9696394292327,0.0194381235198663,0.136819373547939,0.365580150972212,102.439005530035
201030,1047,20.0305713576992,22.6712802948421,25.87764960016,0.0183077557074955,0.129771076056306,0.345142909229202,97.1759519972267
201031,942,19.9212196595708,22.5801462806389,25.8431015127532,0.0171395228744526,0.122475364886966,0.324686672373482,91.740706263953
201032,847,19.8777985669059,22.5539465720554,25.8784933277039,0.015939956546182,0.115015155752643,0.304471566479646,86.1944016298068
201033,764,19.9044158304587,22.6014033014656,25.9946045526354,0.0147089189742101,0.107466413739518,0.284778229311013,80.5928409586181
201034,690,20.0009396389598,22.7285359362907,26.2000331859485,0.0134419871989359,0.0998718224168329,0.265792240972828,74.9664226053884
201035,626,20.162245932154,22.9364033346983,26.4989735449605,0.0121524243112715,0.0923277064966188,0.247700482906459,69.3856026476698
201036,568,20.3802310297458,23.2206563963439,26.8892164354469,0.0108418266344958,0.0848861767221996,0.230625146506753,63.8876921653379
201037,514,20.6439663762768,23.5706051295715,27.3598073325528,0.00951905278624708,0.0776449420418356,0.214844896842778,58.5444537481452
201038,466,20.9411446823266,23.9708619561229,27.8931105564074,0.00821873067989289,0.0707762287802017,0.20075822542572,53.484204234214
201039,425,21.2579261794278,24.4021092627254,28.4660241091289,0.00695950272556344,0.0643894776556078,0.188608587856872,48.7877756938067
201040,393,21.5800176668933,24.8431426172923,29.0522907842691,0.00575692603995656,0.0585623918391478,0.178475781304,44.5120268101972
201041,370,21.8942132369999,25.2718521741198,29.6231086506026,0.00463572738190853,0.0533983868674053,0.170505047295128,40.7332616875783
201042,356,22.188026950642,25.6675512917179,30.1511116208101,0.00361644586501976,0.0489930350850839,0.164839489009751,37.5220537956561
201043,346,22.4531943443325,26.013003672561,30.6115382756244,0.00272052720890267,0.0454426089463754,0.161641700833666,34.9491912754534
201044,334,22.6834039434572,26.2961339261557,30.9858458905584,0.00196196818683187,0.042810414157633,0.161003375805321,33.0605579828286
201045,315,22.8759616394005,26.5108041562627,31.2631255127618,0.00135185265000639,0.0411579560686932,0.163035471547468,31.9005648807391
201046,286,23.0295250951741,26.6554994765639,31.4394836117422,0.000898150636605262,0.0405155269302645,0.167752443019539,31.4905436766161
201047,248,23.1456941075723,26.7346551829644,31.5194866815165,0.000605862386219605,0.0408994048630923,0.17514586096588,31.8416853534976
201048,207,23.2277580393852,26.7578973727682,31.5162200005432,0.000477689459597053,0.0423093942937688,0.185176890458155,32.9544825288018
201049,169,23.2794521240449,26.7376872692123,31.4473315812778,0.00050832130362123,0.044714843089333,0.197693972915355,34.8037762344107
201050,142,23.304775175754,26.6882028832762,31.3344346611123,0.000689275266680515,0.0480609322975286,0.212438529516008,37.3465831265691
201051,130,23.3091913933699,26.6247647092139,31.2002951007773,0.00102435619934688,0.0523233986553438,0.229256390494499,40.5635749223026
201052,134,23.2985660552738,26.5622894859392,31.0677268447466,0.00151644655464566,0.0574772652684401,0.247997087809307,44.4356345965497
201101,150,23.2808884841639,26.515579936754,30.9588843488353,0.00216122382921644,0.0634602527379203,0.268421887889689,48.9158715290981
201102,172,23.2635534900344,26.4959803482608,30.8910066843947,0.00295071045841534,0.070191926709416,0.290258954594642,53.9446035094596
201103,196,23.2530860221196,26.510010985444,30.8739576911417,0.0038764755915271,0.077596507588786,0.313271497111666,59.4662984080501
201104,218,23.2536167094574,26.5588757353446,30.9109518203618,0.00492426769008493,0.0855758016718136,0.337213522225266,65.4089183394481
201105,237,23.2682366509977,26.6400233117204,30.9989458344282,0.00608001870434663,0.0940160025438446,0.36174829480409,71.6890702617403
201106,257,23.2981956958005,26.7459050317696,31.126679850644,0.00732525845750821,0.102776010748638,0.386422211673111,78.203314562879
201107,281,23.3410584995263,26.8631511770323,31.2737186613855,0.00864312276122202,0.111721465206451,0.410795413097575,84.8506545329491
201108,312,23.3919504103552,26.9738235115542,31.4118455972531,0.0100186450874281,0.12074778704488,0.434579946627497,91.5540334114993
201109,348,23.4436535624053,27.058234928088,31.5095403958223,0.0114395927620362,0.129759041081948,0.457509312637106,98.2431575759642
201110,384,23.4874618350022,27.0967696316842,31.5353622685253,0.0128856889059209,0.138630508048619,0.479265131710902,104.826307156228
201111,415,23.5146212748462,27.0730260980419,31.4636402993149,0.0143487058200088,0.147305391480121,0.499735832205702,111.262591255891
201112,432,23.5161126690879,26.9757761340468,31.2778306846033,0.015820103711447,0.155743104248831,0.518918244990531,117.523174108453
201113,433,23.4839754651385,26.8005386450346,30.9728021311254,0.0172965129406938,0.163928376743712,0.536896322121077,123.598124337193
201114,419,23.4132302580192,26.5516595654313,30.558025739952,0.0187450896056028,0.171752437823035,0.553537379999608,129.406468415588
201115,395,23.3013750476056,26.2411773990528,30.0554862677121,0.0201212263422508,0.178906348100381,0.567984571357263,134.715674892894
201116,366,23.149475325405,25.8867392201114,29.4963583515301,0.0213818437627056,0.185096056470493,0.579420683261715,139.304619640034
201117,340,22.9602397524464,25.5080426622713,28.915788902656,0.0224957878090554,0.190081193291079,0.58718331646863,142.992626632874
201118,321,22.7391849689453,25.1245297364499,28.3469952330323,0.0234359143628407,0.19367514911133,0.590791514499426,145.639737996675
201119,308,22.4921382651656,24.7533441654812,27.8188858828678,0.0241844098634788,0.195802845862786,0.590089922402867,147.190054523344
201120,297,22.2266311522323,24.4077389115968,27.3521907572076,0.0247313313141928,0.196460405653962,0.585129034585606,147.64150688001
201121,285,21.9502387509215,24.0959305041314,26.9587052887678,0.0251047564102777,0.195856256020013,0.5765685575796,147.151894171357
201122,267,21.6704707630417,23.8233913497414,26.6447524068283,0.0253312296025164,0.194212824693673,0.565165145299324,145.889553863451
201123,244,21.3946378442234,23.5922573708501,26.4100805499635,0.0254423555601803,0.191764822685819,0.551669767546638,144.032049598112
201124,217,21.1297182768121,23.4015619399494,26.2485628764699,0.025454844562596,0.188676872037769,0.536597423950718,141.703607763208
201125,190,20.8803156975514,23.2487803183822,26.1518253976452,0.0253525500897888,0.184880756811946,0.519864497221554,138.8520387189
201126,169,20.6524873890141,23.1304962029794,26.1095294243355,0.0251331330411109,0.180426626846009,0.501763433663243,135.514198885547
201127,155,20.4515049809378,23.0435153212258,26.1119861829814,0.024799414300597,0.175345015078437,0.482416265544237,131.711853347213
201128,150,20.2827108901092,22.9843227497084,26.1483541368836,0.0243282607182163,0.169585248969992,0.461779696218248,127.405105780137
201129,151,20.150943601094,22.9490749873589,26.2070335833017,0.0237080319138389,0.163183440595307,0.440046118280053,122.619532887571
201130,155,20.0624967503745,22.9357119082046,26.2787114035653,0.0229355497484677,0.15619440435944,0.417413635389459,117.394908759747
201131,159,20.0215319081605,22.9434148402889,26.3578160435053,0.0220257650161086,0.148740713639504,0.394244629854936,111.82223597383
201132,160,20.0297069711361,22.972684593865,26.4428962665022,0.0210007181849129,0.14094294045063,0.370865361488256,105.991037489317
201133,158,20.0883074507552,23.025785252766,26.5359413295856,0.019893556408821,0.132957487610464,0.347649204215501,100.018092675872
201134,153,20.1938314164723,23.1044906369906,26.6412449167789,0.0187422586333383,0.124968002757204,0.325034074064353,94.0407698190588
201135,147,20.3411768070068,23.2132986179847,26.7687291674583,0.0175579619994247,0.117049449951326,0.303256696599796,88.1145132640237
201136,142,20.5245134615247,23.3565821130795,26.9290828999861,0.0163696578440339,0.109341271356559,0.282681331101669,82.3434864688011
201137,139,20.736010811215,23.5370681294242,27.1315062689764,0.0152001544571649,0.101938054725062,0.263477256915633,76.7982171225823
201138,137,20.9664890594871,23.7533515537818,27.3795545534006,0.0140489337634354,0.094864088424733,0.24570123241697,71.4960148543889
201139,137,21.2060282458998,23.9999587147622,27.6710292584547,0.0129280294569135,0.0881817283973542,0.22946643569705,66.4831798509449
201140,138,21.4453642515349,24.2690302365037,27.9994719971691,0.0118560788879514,0.0819780116575897,0.214991743690375,61.8248503513197
201141,139,21.6749583997184,24.550483253743,28.3554024513922,0.0108383101645686,0.0762955418545614,0.202364494998818,57.5527740879744
201142,139,21.8877545853093,24.8349273584581,28.7283575591849,0.00987626059936829,0.0711342786875416,0.191546003052692,53.6665841260627
201143,138,22.0801768581954,25.1135143980919,29.1066132067169,0.00896908956725804,0.0664798014578446,0.18244177911048,50.1555768625612
201144,137,22.2490971916403,25.3772079731855,29.4768854086086,0.00811911289827174,0.0623251066012177,0.174961179494479,47.0149969950066
201145,137,22.3944646716102,25.6193649495161,29.8272399613277,0.00732702859531757,0.0586410495276873,0.168945374144173,44.2236662232665
201146,138,22.5184013262892,25.8344607748869,30.1452388079885,0.00659761649371151,0.0554279884619328,0.164315981407108,41.7827597294745
201147,143,22.623074238638,26.0164640387462,30.4170102506021,0.00593876704392562,0.0527047936760685,0.161029940993064,39.7075129252022
201148,153,22.710631714419,26.1607593771229,30.6310990933514,0.00535843584943745,0.0504800824888212,0.159009270598018,38.0036912622046
201149,169,22.7824854827709,26.2641457189589,30.7791510544335,0.00486611148394387,0.0487620346100887,0.158174259673641,36.6763711731334
201150,192,22.8398063172262,26.3248286243122,30.8554133159501,0.0044737681987441,0.0475875108571618,0.158575173963278,35.7616138348754
201151,219,22.8827311581972,26.343660818216,30.860055070551,0.0041759951521141,0.0469364971152315,0.160116554619186,35.2508786928694
201152,248,22.9125405770891,26.3271387139384,30.8024676878829,0.00396249668108774,0.0467475993894751,0.162587588682143,35.1019654956464
201201,274,22.9324023320897,26.286398107333,30.7001368452285,0.00382405698043733,0.0469609664453626,0.16578012920719,35.2720936311788
201202,296,22.9462466088669,26.2349354712121,30.5744060527094,0.00375215184801007,0.0475169198983533,0.16948407979325,35.7163052756106
201203,314,22.9577835840544,26.1861028617176,30.447094577675,0.00373936134620774,0.0483651348715785,0.173541417244319,36.3944804787177
201204,330,22.9716887067513,26.1521769039153,30.3388027354185,0.00378023636823788,0.0494506081657953,0.177717110443922,37.2608514606719
201205,352,22.9911434287883,26.1427509747213,30.26720803306,0.00386415489460605,0.0507112499096297,0.181831987297203,38.2621027475007
201206,389,23.0185099555172,26.1634496451051,30.2444794605672,0.00398300836647857,0.0521025182834014,0.185797891345673,39.3564775879716
201207,449,23.0546493713228,26.2155114964937,30.2756750635379,0.00412912368118199,0.0535737727910099,0.18948606771066,40.5001519485867
201208,536,23.0976591846507,26.2942718720191,30.3569342131471,0.00429609328881313,0.0550822992259779,0.192797642896697,41.66352555802
201209,651,23.1436792722996,26.3906017273939,30.4767989679351,0.00447910988806741,0.0566032656584987,0.195712172090519,42.826597578373
201210,787,23.1869555482395,26.4929956251238,30.6197243923027,0.0046711400091205,0.0580999196459471,0.198158586348537,43.9603715334925
201211,934,23.2218577868619,26.5900400668079,30.7690418910078,0.0048664449813168,0.059544616791591,0.200109323319924,45.0434403594514
201212,1082,23.2423156878022,26.6692885564303,30.9049322523836,0.00506307892333165,0.0609226631454408,0.201558304074801,46.0648335398256
201213,1219,23.2410574670001,26.7182559388906,31.006956379967,0.00525542316106894,0.0622021242310703,0.202448121636305,47.0010367100031
201214,1335,23.2126464969714,26.7257286047602,31.055617092053,0.00545010974992597,0.0633883081310868,0.202774274586553,47.8570272201873
201215,1422,23.1530302619261,26.6828833309425,31.0342785805828,0.00566051896858117,0.0646001124909532,0.20297781865602,48.7234638702308
201216,1475,23.0610043968003,26.5838289549243,30.9303242393616,0.00589958766329772,0.0659585357754863,0.203508917134041,49.6930358368399
201217,1490,22.9378546080491,26.4262918208233,30.7362906859478,0.00617847350343411,0.0675566952646371,0.20467262304288,50.8372394894923
201218,1465,22.7862630293169,26.2127626557477,30.4537127108484,0.00649448049648948,0.0694057553532374,0.206561482414155,52.1660383887132
201219,1404,22.609180750318,25.9489567295829,30.0907004217039,0.00684438064245655,0.0714875967359122,0.209189346268166,53.6673244591064
201220,1315,22.409327120594,25.6437993950848,29.6627923205993,0.00721431589212119,0.0737199027530404,0.21237995485402,55.2807069880475
201221,1210,22.190130702746,25.3098980956374,29.1925174201215,0.00758346795971545,0.0759660569827438,0.215790002372787,56.904843855146
201222,1102,21.9546231167022,24.9604226272281,28.7044038270427,0.00793208329467742,0.078081794416222,0.21900691316029,58.4331049333697
201223,1006,21.7048895434514,24.6084727822515,28.2237947562756,0.00822974772657553,0.0798571842343267,0.221437986455588,59.7090871253085
201224,933,21.444877136988,24.2660204108986,27.7723165561643,0.00846308455723342,0.0811947196361656,0.222823642692206,60.6611566813012
201225,884,21.1785708968942,23.9422153486422,27.36581620485,0.00864281212928639,0.0821685209950208,0.223428021472652,61.3471906821019
201226,858,20.9123839993141,23.6452729426904,27.0161817252023,0.00876950718990946,0.082779206064874,0.223269896711737,61.7698419747792
201227,843,20.6541149390186,23.3807816309153,26.7289596934957,0.0088467394396157,0.0830586591628869,0.222486769863141,61.9552014516208
201228,829,20.4123536241398,23.154695717348,26.5086282915137,0.00887626054174032,0.0830152971963509,0.221130907297649,61.9114058490044
201229,806,20.1964939543113,22.9715362784341,26.3556041879766,0.00886324353841568,0.0826626005905532,0.219253510939988,61.6502845419484
201230,770,20.0157207131347,22.8348949810259,26.2682687514973,0.00880913326029855,0.0819943142425311,0.216835248742058,61.1686462776513
201231,721,19.878740751502,22.7491857696702,26.2461402887633,0.0087083303701731,0.0809641681766788,0.213732042850372,60.4327383141835
201232,662,19.7921203070587,22.717050970332,26.286731757146,0.0085543464383027,0.0795338401016363,0.20979718179956,59.4144946396164
201233,602,19.761036469423,22.7413194340159,26.3892125091409,0.00833122851199854,0.0776184046148992,0.204766071809686,58.0503003645959
201234,544,19.787720654019,22.8227761517094,26.5516601095447,0.00803273521773174,0.0752074109987879,0.19858667969797,56.3322797288479
201235,492,19.8706011888619,22.958729633141,26.7694276411493,0.00767076240783254,0.0723784539052985,0.191449744079929,54.3187904698932
201236,444,20.004866499012,23.1445818356169,27.037720246747,0.00724629391092973,0.0691507488386389,0.183361881521515,52.0236546110827
201237,399,20.1836846656098,23.3750295602907,27.3530436078136,0.00675999167762298,0.0655559317085996,0.174436259352494,49.4696402013806
201238,355,20.3986060797714,23.6446209293621,27.7129960332941,0.00622152442686367,0.0616413002715908,0.164772581492359,46.6909107186109
201239,312,20.6403791791878,23.9461717528379,28.1128857851778,0.00564682630816095,0.0574866517801215,0.154556595887575,43.745846987404
201240,273,20.8986204298719,24.2713290191478,28.5463792063281,0.00504934273171677,0.0531557171196521,0.143933283310661,40.6803620654801
201241,242,21.1643808904441,24.6109886582301,29.0039366343903,0.00444221346870977,0.0487114979018996,0.133047470606732,37.5396478009155
201242,222,21.4289485058259,24.953844481466,29.4713076126518,0.00384140094143425,0.0442655640043886,0.12220582372173,34.4049876209168
201243,212,21.6862001859638,25.2881359158008,29.9309000350866,0.0032608830460073,0.0399258821886777,0.111709938848145,31.3549472669646
201244,207,21.9307047729806,25.6010042519697,30.3620255730663,0.00271327117703159,0.0358044094969924,0.10187010470889,28.4707989017626
201245,203,22.158100475692,25.8802163102583,30.7431255720351,0.00220954257605099,0.0320055957710187,0.0929635776557459,25.8278162792985
201246,192,22.3656558135983,26.1171056121657,31.0578303599387,0.00175412724708948,0.0285935313072517,0.0851559402688648,23.4706486379322
201247,174,22.5522434171142,26.3084105853978,31.2980556985559,0.00134241047295929,0.0255693235900217,0.0784546416467446,21.3962261033004
201248,148,22.7176553848788,26.455229895646,31.4626771928779,0.000978708525382704,0.0229695181784077,0.0729535018069024,19.6284004462964
201249,121,22.8631436957144,26.56265700994,31.5571326422777,0.000672165655859077,0.020859901146812,0.0688208305837035,18.2206712697946
201250,98,22.9908650289163,26.6407451770767,31.5964140028113,0.000424558281920045,0.0192502499632125,0.0660541539846577,17.1665129097332
201251,84,23.1041433018981,26.7014583200344,31.5995453431711,0.000244523310664254,0.0181678924793027,0.0646891466627329,16.475238400114
201252,81,23.205729130552,26.7565783481273,31.5877178011527,0.000141711122502989,0.0176716260255856,0.0649025483666223,16.1826999067371
201301,85,23.2986139420575,26.8151865719989,31.5784041900024,0.000123968242037801,0.0178005821972402,0.0668042385071028,16.3132093262607
201302,94,23.3855216194089,26.883265087875,31.5845660305622,0.000197918093556153,0.0185950228298,0.0705139991923851,16.8953083695289
201303,103,23.4685473491142,26.9638174984888,31.6147146076464,0.000367721203422724,0.0200683665602665,0.0760489234663861,17.9405221116704
201304,109,23.5496821297623,27.057334371753,31.6730763056661,0.000634495535305198,0.0222219935292666,0.0834182344590384,19.4546847041899
201305,114,23.6292234525527,27.1609086206045,31.7578671673098,0.00100056537485275,0.0250618035810734,0.0926424900901201,21.4501715089765
201306,122,23.7064553046122,27.2682502677781,31.8602588219427,0.00146811932791318,0.0285968295631455,0.103743724265585,23.9447534769561
201307,135,23.7790601472403,27.3714769278769,31.9681733060495,0.00203464235053469,0.0328139668617304,0.116700633306244,26.9418563253015
201308,154,23.8433069188234,27.4617356556699,32.0673886475756,0.00269319527786343,0.0376693590737877,0.131400527757083,30.4039639738258
201309,178,23.8945607669696,27.5301690898662,32.143472153484,0.00343726107338759,0.0431053216477187,0.1476785222203,34.2911696279124
201310,203,23.9263954285291,27.5665380259174,32.1799911846932,0.00425873115071686,0.049053773079976,0.165343189457123,38.5559268250995
201311,224,23.9333512964078,27.5608534648158,32.1598202024168,0.00514774063078496,0.0554204475539608,0.184096394879731,43.1307293338988
201312,241,23.9109160534995,27.5041881605068,32.0670171203738,0.00609310186072282,0.0621390291392814,0.203774256237662,47.9689476580561
201313,257,23.8541496899528,27.3882852404266,31.887712411301,0.00708609827229325,0.069143293056301,0.224195042522292,53.0238307906644
201314,279,23.7609569615689,27.2107776529759,31.6176972701944,0.00810486021544723,0.0763019923051157,0.24498515149772,58.1994238697846
201315,317,23.6317032019361,26.9757993056912,31.2633060728059,0.00913389797057354,0.0835063931812197,0.265806181923106,63.4165723379171
201316,379,23.4691449294382,26.6914934708683,30.8374192581107,0.0101547531056155,0.0906036818678791,0.28615002948821,68.5625856490887
201317,463,23.277100693256,26.3704898433909,30.3611311664477,0.0111447651356458,0.0974249125861838,0.305521774716591,73.5125052504845
201318,560,23.0622939836101,26.0268225692852,29.8562941821784,0.0120898347887156,0.103874991980605,0.323645548634374,78.1968748489339
201319,655,22.8310957697944,25.6752711848033,29.3470653110526,0.0129787246097296,0.109851849708349,0.340201448639121,82.5408002620686
201320,730,22.5898875253993,25.3281711222949,28.8531087761034,0.0138022756563033,0.11527568600849,0.354939857623471,86.4860172449965
201321,768,22.3459588760611,24.996431904291,28.39100106401,0.0145523793056148,0.120075691954556,0.367656904416912,89.9805637642684
201322,763,22.103744764623,24.6860360632302,27.9702529169086,0.0152191831889831,0.124215086571183,0.37833370461828,92.9976102944706
201323,717,21.8668584312014,24.3988081372441,27.5931333333549,0.0158109779234425,0.127763930809382,0.387224812720145,95.5907430607431
201324,641,21.6389730878988,24.1371969273581,27.2628103211878,0.0163096963568003,0.130627911169378,0.394113327528694,97.6891228382266
201325,555,21.4245485846102,23.9045484745545,26.9829377841533,0.0166964987304534,0.132689903444541,0.398620256977025,99.2041120902119
201326,473,21.2280815864493,23.7032553876809,26.7553205630469,0.0169648178162801,0.133874286977114,0.400472134224967,100.0780255414
201327,408,21.0528426604001,23.535871657557,26.5823645297297,0.0171067560899355,0.134110506597462,0.399427478776506,100.256737414796
201328,361,20.903568713848,23.404943504981,26.4646163825819,0.0171251768035165,0.133413053745712,0.395517404094578,99.750179482937
201329,331,20.7846117436138,23.3125896405668,26.4019858713718,0.0170266034446253,0.131812657536472,0.388839520138,98.580329232845
201330,311,20.6999177941107,23.2601641448724,26.393292832256,0.0168181757728311,0.129375282213151,0.379637107255545,96.7954989279832
201331,295,20.6532114060199,23.2491958789599,26.4382759590135,0.0165072916024212,0.126190064365177,0.36824523033812,94.4611572813461
201332,281,20.6451258803661,23.2788098326082,26.5347788739339,0.0161022539916619,0.122378554245756,0.355138267664266,91.6672238178696
201333,268,20.6749822483864,23.3467991973067,26.678801311265,0.0156201251983755,0.11812205927006,0.340964496738078,88.5485587486542
201334,258,20.7408101036606,23.4509692045623,26.8666323316653,0.015064182301123,0.113465140776334,0.325970285630044,85.1366625294772
201335,253,20.8396102016981,23.588855581088,27.0946772202431,0.0144360840077441,0.108446518612996,0.310291759050764,81.458352148426
201336,252,20.9663513825385,23.7561783513053,27.3566344881664,0.0137503962449456,0.103173883610586,0.29428535359674,77.5926043289121
201337,254,21.1151799621345,23.9474910098605,27.6439255839131,0.0130183422028857,0.0977338654059465,0.278202716039121,73.6023782813168
201338,254,21.2803945945409,24.1568078717457,27.9469952922969,0.0122637348921807,0.0922574968408039,0.262406563173874,69.5840586129179
201339,249,21.4570267495004,24.3793038839919,28.258381814479,0.0114964870374494,0.0868329641089431,0.247179589877614,65.6018149246721
201340,240,21.6400155104715,24.6101249855775,28.5716618057808,0.0107208523964334,0.0815387041071563,0.232777563293163,61.712501896166
201341,228,21.8247559199638,24.8443208591224,28.8809977046,0.00994089697529327,0.0764615175147386,0.219483227633901,57.9793012025021
201342,217,22.0058945430143,25.0766636224576,29.1815061818886,0.0091604056945291,0.071643275261479,0.207379750581559,54.4319928232882
201343,212,22.1785669501933,25.3023279914584,29.4691600078345,0.00838284078944868,0.0670794796998555,0.196396365163196,51.0654791411978
201344,214,22.3403347965706,25.5186776770845,29.7426618757544,0.00762268377718086,0.0628525060923584,0.18673110740234,47.9403789504912
201345,221,22.4881577218396,25.7222361008822,30.0000496990042,0.00689036094424379,0.0590394893493966,0.17856931042932,45.1138655398141
201346,230,22.6195452552697,25.9083696931209,30.2366754626148,0.00619812893593726,0.0557214178889855,0.172111183983723,42.6464290494283
201347,236,22.7332124726362,26.0712633319303,30.4439930702195,0.00556732935073522,0.0530197552846666,0.16765319296303,40.6296467995745
201348,234,22.827719866069,26.2065807362492,30.6163842010128,0.00501657395207695,0.0510070992271225,0.165323433950826,39.1182244526138
201349,223,22.9021463602138,26.312516511466,30.7523565044589,0.00454657130868441,0.0496805326973081,0.165087496731401,38.1083166211681
201350,207,22.9570244077065,26.3885644635248,30.8510327113951,0.00416296693941159,0.0490624669784037,0.166984359070575,37.6211660846296
201351,188,22.9946418997805,26.4370908325445,30.9147489036502,0.00387048665528132,0.0491467602817987,0.170938557579877,37.6556646105201
201352,174,23.0188371448514,26.4638243767046,30.9499115239984,0.00367340207806113,0.0498709239447303,0.176657067825542,38.1676675207561
201401,166,23.0345253604068,26.4753943349973,30.9633172544092,0.00357659591908954,0.0511802016652384,0.183879817319193,39.1180761168384
201402,166,23.0470952297862,26.4801018246076,30.9639798719011,0.00358372294730581,0.0530762845389739,0.192564296843327,40.5094752649461
201403,172,23.0616779993526,26.4865414722729,30.9618711907758,0.003693537356486,0.0555076082206929,0.202498513954289,42.3036967727553
201404,180,23.0829950281353,26.5010326187824,30.9635809542729,0.00390569723729864,0.058445806833349,0.213593399875041,44.4791751812994
201405,187,23.1139721233031,26.5270682357946,30.9725106505283,0.00421969712320386,0.0618436916784538,0.225657457485522,46.9997180251118
201406,191,23.1553404404916,26.5660071873797,30.9905351415203,0.00462970002854639,0.0656274847377202,0.238456528973246,49.8080279054821
201407,194,23.2055161998722,26.6154798038478,31.0154083232365,0.00513192626651617,0.0697324709280223,0.251761452127911,52.8532445405108
201408,199,23.2616970329977,26.6704225765429,31.0411192227296,0.00572340154832409,0.0740952979768476,0.265325197783404,56.0911966694331
201409,208,23.3193870613454,26.7245291687617,31.0611959283722,0.00639491532601134,0.0786196393385218,0.278783044280249,59.4501038409878
201410,220,23.372546633266,26.7687424177794,31.0647568523255,0.00713919571224543,0.0832239965851913,0.2918481937681,62.8692875925869
201411,236,23.4138631935189,26.7914464412356,31.037166726627,0.00794916778130466,0.0878614121265714,0.304360405718406,66.3142213913851
201412,252,23.4345430189964,26.7806699820139,30.9637946846518,0.00881298262940732,0.0924134539829491,0.315867187398394,69.6962471297789
201413,268,23.4272198065406,26.7276756858855,30.8355518709992,0.0097155213295298,0.0967576985769551,0.325944236849009,72.9236377216372
201414,282,23.3860388656015,26.62417178344,30.6431707165218,0.0106609808310129,0.10087843266592,0.334542603110502,75.98505805122
201415,300,23.3055999638779,26.4658542742525,30.3852011543022,0.0116275738461492,0.104661745256663,0.341362918941331,78.7950959366774
201416,324,23.1841452453384,26.2529537981078,30.065054884985,0.0125946594826194,0.108055740814056,0.346386627986949,81.3150170880791
201417,359,23.0222578654297,25.9908364653914,29.6934948347325,0.0135427029359055,0.111026306220108,0.349632190451485,83.5193212137457
201418,405,22.8224416033929,25.6888540845829,29.2866363690734,0.0144540354119481,0.113511839629353,0.35100704331871,85.3617686632172
201419,459,22.5900135628597,25.3594356818208,28.8633045395204,0.0153156203038327,0.115497506452785,0.3505686524409,86.8315432792516
201420,514,22.3326085073144,25.0154276730517,28.4398534715617,0.0161213005934514,0.117013666638338,0.348526289580738,87.9517188370277
201421,562,22.0580708686738,24.6695277212821,28.0314902088458,0.0168700399755051,0.118108395869945,0.345134359307721,88.7587643824175
201422,595,21.7749694782303,24.3335366297895,27.6504600543993,0.0175660926146519,0.118812278245215,0.340482027619146,89.2757680027972
201423,611,21.4917243060141,24.0185281927648,27.3084574456094,0.0182083685805856,0.119136172552201,0.334693990834479,89.5109650933257
201424,609,21.2169393837988,23.7323078780558,27.0111455519822,0.018813025326418,0.119187782536569,0.328171407027393,89.5455399190851
201425,594,20.9587940865113,23.481452062362,26.7632546174717,0.0193788585185587,0.119023986142205,0.321225233634004,89.4222064412549
201426,572,20.7250385749276,23.271125294954,26.5676248756383,0.0198867685117985,0.118663664278167,0.314115597806286,89.1549034960557
201427,548,20.5215352705824,23.1047799407011,26.4263641957447,0.0203220803736411,0.11813995356802,0.30712421878693,88.7680107640062
201428,525,20.3535260036764,22.9836694996538,26.3388297161265,0.0206737823809325,0.117450813925713,0.300354754851073,88.2592601055222
201429,504,20.2258975164637,22.9074742772806,26.3024073420367,0.0209295722537978,0.116595306263786,0.293900980172822,87.6273241768933
201430,484,20.142396377684,22.8744771504118,26.3127311291628,0.0210778189867595,0.115565199723738,0.287803243969782,86.865415778405
201431,463,20.1057799629213,22.8829335259049,26.3663613738829,0.0211120300115614,0.114343947737947,0.282053179130668,85.9604298575316
201432,439,20.1177797559994,22.9307932015835,26.4591321747914,0.0210307689844439,0.112927762582676,0.276645101160268,84.90906622737
201433,411,20.1768461711765,23.0136301034754,26.5851420551168,0.0208357227063011,0.111297685456202,0.27152318489208,83.6966015342966
201434,382,20.2798333762903,23.1277467420641,26.740242727557,0.020526752415621,0.109493082915165,0.26679394384897,82.3522729250235
201435,352,20.4226596429675,23.2703559858962,26.9213792169104,0.0201105813930607,0.107562351966525,0.26260026287026,80.9120307937377
201436,322,20.5992445795028,23.438463219174,27.1257770961882,0.0195771000848669,0.105486216804542,0.258915244511193,79.3609655579391
201437,296,20.8009902548789,23.6269830049234,27.3483742810361,0.0189432485231457,0.103329872979569,0.255896002478884,77.7479495485967
201438,274,21.0193693565616,23.8331996704551,27.5881814589959,0.0181932295420493,0.10107066122642,0.253494667355347,76.0557266587601
201439,257,21.2459339135306,24.0550301849651,27.8456168413027,0.0173198542420371,0.0986898321624028,0.251637387882292,74.2699262786357
201440,243,21.4737944105676,24.2907149500898,28.1210795668909,0.0163283984653397,0.0961961172072859,0.25029168758384,72.3972708173274
201441,232,21.6969281287564,24.5374524737646,28.4133022716555,0.0152346214410455,0.0936078170222319,0.249428660727853,70.451611371499
201442,221,21.9107409301247,24.7911871021017,28.7190137365791,0.0140619624018785,0.090973885656953,0.249101560065962,68.4700081280569
201443,210,22.1098398023085,25.0432189139525,29.0288586754951,0.0128418781529198,0.0884380404222931,0.249656874238063,66.5609921819954
201444,198,22.289419636867,25.285789710478,29.3353817869635,0.0115866945195913,0.0859519260720936,0.250814258696734,64.6881835910014
201445,184,22.4471560853505,25.5115170149677,29.6297491509286,0.0103234722359461,0.0834931290347167,0.252341211853872,62.8347102487823
201446,168,22.5823663174776,25.7132053804313,29.9017736247058,0.00908375599197356,0.0810629116048353,0.254057062291164,61.0018330335852
201447,152,22.6938817629526,25.8842557912718,30.1417097777543,0.00789509806705646,0.078671727613714,0.255820240692762,59.1977012581763
201448,137,22.7826312150364,26.0231235083775,30.3461182073916,0.00675717469369829,0.076301526562479,0.257482585799777,57.4073806640408
201449,127,22.8509929909606,26.1308105954053,30.5135139346086,0.00569013463388278,0.0739930611664618,0.259011349504293,55.6627456228338
201450,127,22.902517957904,26.2111288528061,30.6452884654343,0.00471127314610423,0.0717893494157423,0.26038100021591,53.9991837168464
201451,137,22.9412910998208,26.2693179603135,30.7442767299442,0.00383477290065106,0.0697678593042516,0.261771043494825,52.4772662067831
201452,160,22.9716065914038,26.3117456454276,30.8156016173426,0.0030778680891238,0.0680617451882453,0.263497194410015,51.1988015163695
201501,194,22.996833344108,26.3440102785102,30.8639834962546,0.00245552126459691,0.066813688207822,0.265947295773473,50.2718416557506
201502,233,23.0200856609266,26.3722714771248,30.8966901859595,0.00197502120158141,0.0659937310892431,0.268909838879393,49.6733051017016
201503,272,23.0441718073108,26.4014414671295,30.9207901490173,0.00164503100264188,0.0656332762709606,0.272406612528379,49.425325375134
201504,306,23.0708903731153,26.4370013565776,30.9464199956084,0.00146846831662827,0.0657213163327081,0.276283366336223,49.5171726978187
201505,333,23.1020246281074,26.4843773074906,30.9844744238757,0.00144175551879178,0.0662341710042934,0.28040722202597,49.9276651086895
201506,351,23.1376100536912,26.5474211241267,31.0447498652786,0.00155952187411308,0.0671188228958037,0.284505389068369,50.6127716653843
201507,364,23.177736552178,26.6289793262674,31.1353908746311,0.00181137968116468,0.0682920440709659,0.288240579411621,51.5091624798104
201508,377,23.2209891171475,26.7291765764215,31.2599860963592,0.00218398444342692,0.0696746870352439,0.291333408472051,52.5572520376848
201509,394,23.2645700875153,26.8436934669454,31.4145906797785,0.00266481858778396,0.0712249502991393,0.293727835338154,53.7249344479676
201510,422,23.3048773141001,26.9644604037132,31.5877754783954,0.00324606489933741,0.0729274954259605,0.295402074784316,55.0004121201707
201511,468,23.3363200582836,27.0788372663802,31.7602356196988,0.00391493563284778,0.0747469139657052,0.296351062141929,56.3571115330462
201512,533,23.35325252067,27.1717169916889,31.9075723919558,0.00466306044004014,0.0766926062934504,0.296755205843875,57.8027070518754
201513,616,23.3489798941073,27.225532337545,32.001142052922,0.00548083914106929,0.0787748473744719,0.296793100735696,59.345693721427
201514,712,23.3176860219717,27.2240872009176,32.0139458940471,0.00634981060592137,0.0809630121606108,0.296507626238965,60.9639313709499
201515,812,23.2557845489237,27.1549939497772,31.9236069322271,0.00725892185988269,0.083251876252519,0.295998438233589,62.654597727516
201516,906,23.1612409084323,27.010020103631,31.714661156179,0.00820132063059786,0.0856118852437477,0.295228318064412,64.3964480758624
201517,981,23.0348730670506,26.7883019688906,31.3837100555838,0.00916367321402811,0.0879858574962214,0.294114863932827,66.1475940708346
201518,1028,22.878956152138,26.4953658397304,30.9381906737082,0.0101294338611565,0.0903268972900809,0.292643226715045,67.8736752654028
201519,1045,22.6976413759782,26.1428078584387,30.3966966481697,0.0110775507027295,0.0925688396144883,0.290778910080607,69.5257091082976
201520,1035,22.4969184285204,25.7476525949064,29.7870481523004,0.0119813413109478,0.094609055779403,0.288390696520801,71.0272279534864
201521,1007,22.281670981281,25.3284975441763,29.1421370432009,0.0128122927481159,0.0963462514453188,0.285361329418276,72.3029740029604
201522,971,22.058763554197,24.9066164027092,28.4990097979474,0.0135462611541589,0.0976976581770493,0.281652405782799,73.2916692967207
201523,935,21.8336981382378,24.5024354065951,27.8945260736625,0.0141535391832048,0.0985562672824718,0.277070454952401,73.9136229015849
201524,900,21.6122351247028,24.1335173711614,27.3599070649284,0.0146099245859072,0.0988431966238385,0.271496553708489,74.1102919643673
201525,866,21.399681128462,23.8137321830965,26.919031409936,0.0149063840934547,0.0985257366309212,0.264893744962775,73.8578854948088
201526,827,21.2023187520623,23.5535580307009,26.5879157710673,0.0150504450548015,0.0976273518136111,0.257347957261147,73.174711167922
201527,778,21.0254874929161,23.3605793362015,26.3763421854982,0.0150411895834345,0.0961398158176269,0.248872758086273,72.0551674445009
201528,719,20.8759664546464,23.238714872089,26.2851145996982,0.0148831624177925,0.0941041480237856,0.239642883432521,70.5306233938354
201529,651,20.7611115319467,23.1895765969679,26.3098156516015,0.0145815825381311,0.091558569800819,0.22982843155455,68.6300809894792
201530,584,20.6866374940364,23.2116350003053,26.4408117657738,0.0141389881108823,0.0885303704658254,0.219579687335522,66.374158989003
201531,525,20.6568134633316,23.299118003141,26.662665812864,0.0135638145549221,0.085086812643026,0.209134725732799,63.8135554867256
201532,482,20.6738563102554,23.4437048910595,26.9572975324563,0.0128659977572363,0.0812871998683972,0.198673861459565,60.9927230022105
201533,454,20.7369335908376,23.6353170066507,27.3064181476554,0.0120529967711796,0.0771950990899314,0.18835104017426,57.9592368041525
201534,439,20.8429071403897,23.8629601192046,27.692631591307,0.0111456374431612,0.0729017426330735,0.178379599139668,54.7813973548753
201535,431,20.9855884337128,24.115720229809,28.1011747583535,0.0101641459570161,0.0684960953606065,0.168964492299149,51.5257398522319
201536,427,21.1580511517548,24.3851824888783,28.5218519790605,0.00913686427173205,0.0640919137688453,0.160329275360181,48.2772490843289
201537,428,21.3521853088971,24.665160455886,28.9487873176545,0.00807602926900843,0.0597380128371628,0.152549959960547,45.0719110456968
201538,439,21.5611628304312,24.9516151320942,29.3790306738273,0.00701587125292168,0.0555372163382368,0.145797239837597,41.9862457442073
201539,471,21.7787472995882,25.2421548767647,29.811334878516,0.00598578643682795,0.0515816961958243,0.140221481636206,39.0885570078811
201540,535,21.998949973234,25.5341407180126,30.2433140478395,0.00500638406345017,0.047943466267767,0.135929859851616,36.4318083504315
201541,635,22.2167732531465,25.82308141859,30.6677479835586,0.00409641237146954,0.0447001857230301,0.133027684488635,34.0732204025644
201542,766,22.4285522260398,26.1030880874873,31.0731515614374,0.00326890947869202,0.0419191095909843,0.131608882166296,32.0621972840618
201543,908,22.6320655278635,26.3670165581889,31.4442214300785,0.00253240578969013,0.0396163665336581,0.131594828132374,30.4097630158354
201544,1037,22.824072332481,26.6056208281479,31.763018966442,0.00189962784456316,0.0378783662015362,0.133152626351038,29.1798145928705
201545,1128,23.0018438286998,26.8092479882299,32.010541305963,0.00137510447338826,0.0367711413329558,0.136402211190115,28.421098335556
201546,1163,23.1631458769308,26.9692209884614,32.1699526961115,0.000957970646985559,0.0363270089779733,0.141374898954033,28.1568499873649
201547,1134,23.3058109585549,27.0801155412409,32.2315220475139,0.000644447804088734,0.0365355829067913,0.147971425841506,28.3781707713479
201548,1051,23.4284593080782,27.1419849258121,32.1973336175499,0.000445729691986896,0.0373969466952264,0.156074909313148,29.0871074547355
201549,936,23.5315040982182,27.1589221738263,32.0774706085138,0.000362764235404827,0.038890598872551,0.165552516971061,30.26300263994
201550,816,23.6148663038982,27.1374574818467,31.8893869543521,0.000394103390881529,0.040974372954156,0.176227290059272,31.8697353740103
201551,720,23.6788808749745,27.0866347588035,31.6556327061512,0.000540887826625791,0.043578310778486,0.187724869056837,33.8514312505269
201552,664,23.7253416623725,27.0190655254386,31.4054968456172,0.000789064425701995,0.0465596051170769,0.199556452896419,36.098489217792
201601,653,23.7571794512859,26.947959070557,31.1678521534214,0.00112422694418103,0.049767669141126,0.211182365817087,38.4968509676025
201602,687,23.777702875579,26.8854005206052,30.9679486421353,0.00153506409645419,0.0531306828558569,0.222341744580953,40.9931653767451
201603,756,23.7924926728972,26.841432914545,30.823124014859,0.00201089374947775,0.0565764240926505,0.232803982252225,43.5353236306572
201604,846,23.8064944877169,26.8228065810338,30.7426519305014,0.00254263393294176,0.0600277450061541,0.242319368559823,46.068847599765
201605,942,23.8240700090333,26.8330590776641,30.7280589910683,0.00312375462734739,0.063437245007561,0.250754675874222,48.5628023429216
201606,1031,23.8484838523918,26.8728634522104,30.774632767003,0.00374770645318164,0.0667802269099584,0.258104050019674,51.0044347945741
201607,1103,23.8808531121265,26.9366515423369,30.8664915602971,0.00441124899714667,0.0700704066616874,0.264521902824824,53.4027082914978
201608,1149,23.9182026560211,27.0137004104953,30.9813536261246,0.00511099169148482,0.0733172174378386,0.270176838921599,55.7664619101192
201609,1167,23.9546755000523,27.0896113405414,31.0928835194287,0.00584265432181302,0.0765052949729395,0.275070303225078,58.0856848849391
201610,1156,23.9825110617552,27.1498968425725,31.1773561125188,0.00658525096789341,0.079556729507012,0.27913538319807,60.3030457400699
201611,1118,23.9937098975927,27.180265668245,31.2122471628451,0.00732548476534912,0.0824161088285182,0.282283101851438,62.3779412965827
201612,1061,23.9800546192507,27.1688269132289,31.180960610146,0.0080463027488657,0.0850337735681973,0.284492897435118,64.2738978457241
201613,994,23.9345812718377,27.1074388063441,31.0743212724013,0.00873175482607723,0.0873584207797455,0.285751119606542,65.9530434325872
201614,925,23.851243601667,26.992176910393,30.8915197024547,0.00936448327001541,0.0893120716023164,0.285908655366843,67.3573794287153
201615,860,23.7269171777286,26.8228635451148,30.6377230920727,0.00993814444552267,0.0908839200679752,0.285022006151676,68.4793025766308
201616,800,23.5603669757878,26.6034027068356,30.3249065267758,0.0104389326956488,0.0920343430892809,0.283070157479863,69.2894400030839
201617,743,23.3535519498234,26.3403779806656,29.9680666356526,0.0108521683518726,0.0927223043713707,0.280020426499017,69.757224023608
201618,688,23.1105754511403,26.043755115768,29.5862704644415,0.0111848346798588,0.0929573763011534,0.275930046846805,69.8901369176072
201619,632,22.8363702071168,25.7244609211534,29.1988846695511,0.0114426762110817,0.0927685132765891,0.270890019641443,69.7100710041273
201620,574,22.5369490807196,25.3925372054868,28.8211730416893,0.0116331695751854,0.0921952439320199,0.265007715636826,69.2468494907276
201621,516,22.2200781898607,25.0579892642108,28.4646928744393,0.0117623310491544,0.091282884476507,0.258390740198326,68.5345153126836
201622,459,21.8938105748882,24.7309674378821,28.1397756996577,0.0118289368163929,0.0900542793819823,0.251158076329549,67.5900753348496
201623,407,21.5674916909277,24.4227220534493,27.8566421172466,0.0118384077909227,0.0885833356402652,0.243571733700435,66.4688367796042
201624,365,21.2512052179331,24.1432607152184,27.6214375986121,0.0117975177118258,0.086930942648982,0.235831667695841,65.2163323244114
201625,331,20.9557741130242,23.9013356128516,27.4374402194824,0.0117023985700449,0.0851371139337384,0.228106811554531,63.8622591611178
201626,305,20.6927870395449,23.7037528596436,27.3046936908675,0.0115434005358941,0.0831841588739168,0.220387512729075,62.3927565579428
201627,282,20.4736641447957,23.5561182412958,27.222704062715,0.0113149249405348,0.0810661291124772,0.212671139700237,60.8027438985358
201628,260,20.308566518962,23.4629945185427,27.191693312753,0.0110260487255735,0.0787976871786435,0.204973201829004,59.102700011386
201629,237,20.2058707665814,23.4269723753656,27.2113305144776,0.0106745158762253,0.0763798837059104,0.197297811382415,57.2928978790104
201630,212,20.1704797654407,23.4463265570333,27.2775121661873,0.0102617268950922,0.0738129143240455,0.189624191394093,55.3729421491602
201631,188,20.2047058537022,23.5185304101449,27.3874724927317,0.00978945393625633,0.0710837012081829,0.181883464203179,53.3324853430228
201632,164,20.3062592151147,23.6407769089306,27.5419300288916,0.00925909717357457,0.0681568596497281,0.173970651555854,51.1444014541671
201633,144,20.4697820275153,23.8105258339712,27.7436290873675,0.00867619475846077,0.0650606373757107,0.165964830682876,48.8294225539172
201634,127,20.6864443113069,24.0241512399407,27.9942812012928,0.00804843856388794,0.0617983401147725,0.157855861765985,46.3895667923027
201635,114,20.9447236871222,24.2760287460439,28.2924735027505,0.00737637629894122,0.0583703041731935,0.149637521709941,43.8248035099184
201636,104,21.2326656583157,24.5585013828978,28.6318190260067,0.00667099528933497,0.0548116063765385,0.1413747975259,41.1614127167287
201637,95,21.5366162333626,24.8617887492878,29.00196827289,0.00594026532144554,0.0511838092839504,0.133204171608026,38.4456097699229
201638,86,21.8439044186306,25.1755634183942,29.3905352221174,0.00518696897754103,0.0475269917424984,0.125220940730124,35.7074019774113
201639,77,22.1433746007553,25.4892166308944,29.7829611418042,0.00441400796930143,0.0438899669835753,0.117541668128096,32.9834056474872
201640,69,22.4259796515075,25.791648815468,30.1625604068175,0.00362927815286143,0.0403373822568035,0.110323027820863,30.322085940338
201641,62,22.6845664751862,26.073359385088,30.5152654115896,0.0028422766915181,0.036922310456501,0.103683567741264,27.7632229318226
201642,55,22.9137733247872,26.3275849416236,30.8316119084448,0.00205946148784016,0.0336704532292651,0.0976721893864254,25.3259625193346
201643,48,23.1109117254577,26.5497402106337,31.1046533623606,0.001286614599837,0.0306080148971191,0.0923394800621038,23.0296739579995
201644,42,23.2750955758881,26.7370711895583,31.3299994777157,0.000537459000349742,0.0277801337628345,0.0877679111553602,20.9080272138672
201645,37,23.4077123213657,26.8884302818909,31.5052625573369,0,0.0252365119316329,0.08404086815169,18.998360797766
201646,35,23.5115613996677,27.0034546235992,31.6282636028654,0,0.0230437415945221,0.0812845466401821,17.3508791243421
201647,35,23.5893279762526,27.0819091170206,31.697288694611,0,0.0212795749797277,0.0796750665643322,16.0241953374639
201648,39,23.644791339789,27.1273039461016,31.7175010250662,0,0.0200131016605839,0.0793659870092964,15.0687642606229
201649,47,23.6822660370468,27.1453967942349,31.6980726767677,0,0.0193093501275499,0.0804799149255618,14.5346864379674
201650,58,23.7074153875633,27.1442241838306,31.6510242761013,0,0.0192274913082972,0.0831170549371987,14.4694662709753
201651,67,23.7255048830774,27.1330859954077,31.5906965648782,0,0.0198130392498571,0.0873948191315641,14.9096403034109
201652,73,23.7421049513961,27.1215343022472,31.5312581464224,0,0.021145640406172,0.0934952110361038,15.9165976071521
201701,74,23.7613808781936,27.1170692322063,31.484183220957,0,0.0232885065595673,0.101580672773002,17.5384697362292
201702,71,23.7867892066695,27.1254807900547,31.4580882949109,0,0.0262915454818075,0.111779284891358,19.8123311124587
201703,63,23.8210180775041,27.1496769366189,31.4564974557916,0,0.0301613256636279,0.124074658305719,22.7418667748495
201704,55,23.8651588313127,27.1889680733865,31.4771233260499,0,0.034925255763424,0.138553076422194,26.3457804107126
201705,47,23.9184303081821,27.2405400618856,31.515173831308,0,0.0405579037388952,0.155114214677046,30.6022276230492
201706,43,23.9789732429142,27.2997127794232,31.563477710237,0.000999682922140088,0.0470410769515617,0.173718546172635,35.4941031239281
201707,43,24.042943794125,27.3597363633343,31.6122286457138,0.00224218056302929,0.0543188684108738,0.194197177329297,40.9791852298748
201708,46,24.1057188646859,27.4141300658868,31.6520510531168,0.00364341930467604,0.0622801201975493,0.216164914043359,46.9743977919476
201709,52,24.1626038536646,27.4558453290557,31.672274524348,0.00518513010190079,0.0708207736574497,0.23934075275364,53.4012555400426
201710,58,24.2076332043559,27.4755349200897,31.6591076211842,0.00685767889994488,0.0798700010209939,0.263481311744268,60.2063547147858
201711,64,24.2342796644579,27.463484933284,31.5991563491726,0.00864559263626141,0.0893310300293434,0.288331114042686,67.3169878583766
201712,70,24.2362819476993,27.411404724271,31.4818058512328,0.0105305390673089,0.0990576136830683,0.313391098025814,74.6231949208607
201713,77,24.2095363581365,27.3130107250079,31.2986360000518,0.0124896088925462,0.108893740863273,0.338138847702227,82.0078901783807
201714,84,24.1503607539958,27.1636571311632,31.0444057216146,0.0145047410573492,0.118727210282824,0.362223059243194,89.3871711584287
201715,93,24.0571190969277,26.9628174641308,30.7197097442412,0.0165514730620737,0.128396542822772,0.385155898328255,96.6401026840455
201716,103,23.929963304299,26.7127195510398,30.3286993943406,0.0186074770173,0.137798385891849,0.406724941236922,103.689701202055
201717,113,23.7698622837321,26.417038218861,29.8773585852599,0.0206666184252801,0.146885210591449,0.426840777512891,110.501146945899
201718,124,23.5787092003111,26.0839121607691,29.3794801964602,0.0226744504362732,0.155465139687882,0.445078788897296,116.930693439992
201719,135,23.3596794907936,25.7232592132227,28.8517823259197,0.0245781132825243,0.163327066433176,0.460983824034526,122.820003202058
201720,144,23.1151424970319,25.344057738173,28.3097994057572,0.0263324920768298,0.170293034939841,0.474192060156047,128.035743996554
201721,151,22.8490846367589,24.9566562690712,27.7708197926995,0.0279024471554364,0.176206647247647,0.48441502076418,132.460846806563
201722,153,22.5662350959446,24.5721522788185,27.2535238988958,0.0292583997073233,0.180960906828514,0.491401056347346,136.015482654319
201723,151,22.2727863178723,24.2007350999615,26.7741950924308,0.0303656402973068,0.18436128777414,0.494695088025354,138.553607025511
201724,143,21.9749506427274,23.8519002116957,26.3474495495511,0.0311930544853915,0.186266915174402,0.494004887026554,139.969530643422
201725,130,21.6815552730896,23.5355191271882,25.9855517818866,0.0317346089059739,0.186620864968018,0.489253545510179,140.220986796915
201726,115,21.4031649383517,23.2603969674598,25.6970962054822,0.0319911605245214,0.185461207591177,0.480671414259653,139.337464928285
201727,99,21.1488309889018,23.031790966819,25.484036057334,0.0319772948835694,0.182887325114337,0.468644862866693,137.394737161206
201728,84,20.9275827269764,22.8544244973006,25.3467616225134,0.0316752474638145,0.178929845450489,0.453411421721324,134.416429566392
201729,72,20.7464950484592,22.7292443965733,25.2800426558037,0.031099777698304,0.173689433434072,0.435294665888239,130.478890823534
201730,64,20.6112235025247,22.6554494006461,25.275567912732,0.0302779210740016,0.167337031323059,0.414822369668985,125.711404986456
201731,60,20.5253901170784,22.6311215307651,25.3250625464579,0.0292340652987327,0.160056568473232,0.392566380575518,120.252823976917
201732,57,20.4900050322532,22.6534302975077,25.4214022244593,0.0279927429963305,0.152069568154676,0.369174217530957,114.269984989163
201733,56,20.503591453027,22.7188704479086,25.5590877874595,0.0265725413191011,0.143466242768989,0.344917756341079,107.830473109729
201734,54,20.5630891320935,22.8253653005838,25.7365567488652,0.0249889166409123,0.134392222105921,0.32022257949695,101.043317693978
201735,52,20.6651215786398,22.9722045853017,25.9550299077069,0.0232677693928566,0.125004536326742,0.295517198243611,94.0258892497647
201736,49,20.8056986788428,23.1601698420503,26.2196202103553,0.0214228778822272,0.11542858293907,0.27117713871276,86.8714119687218
201737,46,20.9783142215303,23.3889981890002,26.5353603482569,0.0194795757728578,0.105783683625248,0.247522949019165,79.668551127763
201738,43,21.1774390218047,23.6571376213307,26.9044334101723,0.0174743471764708,0.0962370387772904,0.22497255684389,72.5420956957343
201739,41,21.3963507281669,23.9603140680267,27.3251530429158,0.0154500574920935,0.0869585648988113,0.203918867151711,65.6188607613799
201740,40,21.6291609525558,24.2935206710093,27.7938591891838,0.0134463873914759,0.0780919346216629,0.184670421050754,59.0058497754178
201741,40,21.8685340803431,24.6480268554711,28.301187781588,0.0114948612937167,0.0697681682598075,0.167510457455235,52.8006386915296
201742,40,22.1081912666996,25.0124922484328,28.8319308609686,0.00963381251177343,0.0621467577373769,0.152773045735503,47.12219763057
201743,41,22.3422637262524,25.37414986921,29.3670771952104,0.00789908164054827,0.0553652439481037,0.140731351195197,42.0733008813704
201744,42,22.5656340675391,25.7203590076865,29.8857307082805,0.00631505158553825,0.0495248495514947,0.131561845760105,37.7293446383751
201745,42,22.7753025464393,26.0402439480177,30.3673659100216,0.00489891659255268,0.0447106387302752,0.125411940503468,34.1533796645667
201746,42,22.9685288407736,26.324105190946,30.7924307637222,0.00366615207828911,0.0409853521954425,0.122393292440508,31.3917649174571
201747,41,23.1426458033647,26.5638359290375,31.1437154414225,0.00263105095707139,0.0384050054965744,0.122576449423809,29.48600198702
201748,39,23.2969034616908,26.7559321672828,31.4114656184784,0.0018031364182692,0.0370015476714587,0.125961583903622,28.4598336960355
201749,38,23.4316716673431,26.9013715643784,31.5943930011076,0.00118533095822493,0.0367614892060796,0.132436207969083,28.3028683065165
201750,39,23.5476746337454,27.0034047451777,31.6966075748615,0.000775153173660073,0.0376399968145188,0.14180000219855,28.9807895298418
201751,40,23.64595537076,27.0666698774498,31.7261094265285,0.00056808073525393,0.0395772681137426,0.153800393392816,30.4483083147985
201752,43,23.7283780866747,27.0982105428029,31.6966914029969,0.000553690456320668,0.0424815937521845,0.168106082255113,32.6361730575588
201801,46,23.7972569764596,27.1074345199308,31.6271212671002,0.000719166069567935,0.0462248253116429,0.184262425084624,35.4479527058853
201802,48,23.8551863335258,27.1032690505474,31.5354716794023,0.00104838910632848,0.0506628292136682,0.201748560383848,38.775460029259
201803,50,23.9039531472836,27.0918886950385,31.4355061117642,0.00152728357975911,0.0556947554218979,0.220243509672185,42.5431143559696
201804,51,23.9438196387179,27.0780306128726,31.338716780068,0.00213558482070098,0.0611807589754302,0.239342021544174,46.6460518989013
201805,50,23.974374349189,27.0639512259375,31.2516126725276,0.00285161200432782,0.0670068326269442,0.258749143074946,50.9988692701537
201806,48,23.9958672555559,27.052026621763,31.1793755430116,0.00364981767399608,0.0729832938712242,0.277841502852178,55.4593910725192
201807,46,24.0072396143323,27.0407026020017,31.1201058213232,0.00450531047475534,0.0789362248279824,0.296068309131637,59.8973802190037
201808,44,24.0060356720199,27.0230260095942,31.0625344872286,0.00539706646043863,0.0847451613866996,0.313076239780786,64.222547302845
201809,44,23.9892531505898,26.9899673203195,30.9914945251162,0.00630705896837223,0.0902913688867658,0.328468082756391,68.3461674990996
201810,45,23.9544643341438,26.9342781816573,30.8943062643978,0.00721242556691277,0.0954597063205525,0.341936063824063,72.182215384778
201811,46,23.8994035439683,26.8497149452936,30.7597756700665,0.00809164613382544,0.100152170482844,0.353215870337003,75.6575428267095
201812,48,23.8220126997532,26.7312501290905,30.5787914805537,0.00892285070594589,0.104286025736755,0.362130747099457,78.7106103601473
201813,50,23.7201396759526,26.5759146125605,30.346533773627,0.0096903720721511,0.107818570286868,0.368705506555306,81.3100882711836
201814,53,23.5932593431954,26.3861668228075,30.0674987330706,0.0103732109642993,0.110682288057817,0.372918575124381,83.4058830802144
201815,56,23.44110977223,26.1673938959638,29.7520270949158,0.0109500591243881,0.112825681078697,0.37481129647857,84.9598234652433
201816,61,23.2654246732811,25.9284370887044,29.4160861774236,0.0114030289491641,0.114134923321135,0.374065050929379,85.8868067596242
201817,68,23.0667387754217,25.6769458899795,29.0756794050792,0.0117095624460404,0.114509323376584,0.370463066135762,86.1116473874372
201818,76,22.8463609601416,25.418807433614,28.7434614769837,0.0118770664541635,0.113965022430411,0.364079688730422,85.6472138045648
201819,85,22.6073336402415,25.1599919371272,28.4303961091491,0.0119184977385649,0.112547176346137,0.355037849663135,84.5282125237266
201820,93,22.35395325586,24.9062297756106,28.1459966405395,0.0118417783714192,0.110318987950275,0.343583273865863,82.8031102083462
201821,98,22.0902647507783,24.6608274029537,27.8948446767705,0.0116582636127613,0.107358274178269,0.32998716790253,80.531341822891
201822,99,21.8222199966818,24.4271789147824,27.6789779085934,0.0113807136095071,0.103749160287896,0.314547436104517,77.7772021651451
201823,96,21.5584777488708,24.2092442068047,27.4984116025684,0.0110342818106287,0.0996786109715093,0.297844399041271,74.682484005336
201824,89,21.3079062727577,24.0117332016858,27.3532748286793,0.0106312068994031,0.0952893836353163,0.280381265191247,71.3555511233717
201825,80,21.0791253218776,23.8392210420852,27.2433528802491,0.010178882206195,0.0907155208714853,0.262643800752026,67.8979549565049
201826,72,20.8818802024408,23.6965546671411,27.1680610375801,0.00968878417251787,0.0860422920600489,0.244908184229809,64.3743943877077
201827,66,20.7237401227604,23.588685995484,27.1288065153103,0.00916989897528335,0.0813413476060286,0.227427013964484,60.8390948624473
201828,62,20.6115027514178,23.5201556779947,27.1268301969243,0.0086445485455317,0.0767108129934209,0.210499909383249,57.3660242709347
201829,62,20.55095096664,23.4954135846344,27.1645179551558,0.00811691498315023,0.0722023539327526,0.194357113286131,53.9938198939767
201830,63,20.5435433401526,23.5153409653068,27.2419849751563,0.00758830687570837,0.0678523823372714,0.179174255215618,50.7496712690761
201831,64,20.5874677114535,23.5793379667751,27.3595368372408,0.00706277982165516,0.0636832844519006,0.165077327133291,47.6500948705219
201832,64,20.6801691983884,23.6874945868397,27.5194019030616,0.00654374472899615,0.0597214026038904,0.152189062533665,44.7145089500102
201833,63,20.8177236904247,23.8396075048974,27.7242796827835,0.0060373832713178,0.0560476071348539,0.140785173965452,42.0032260095063
201834,61,20.9948066638733,24.035414324129,27.9775883319214,0.00553971698955454,0.0526787596091067,0.13098361143152,39.5283159498387
201835,57,21.2045629258303,24.2718372016728,28.2787716473675,0.00505521603598252,0.0496676796303905,0.122986161525328,37.3289326334627
201836,52,21.4396210343341,24.5436008432065,28.6235642326476,0.0045942962880108,0.0470587655128724,0.116921092125883,35.437825353574
201837,47,21.6909038517926,24.8429814946488,29.0044094121218,0.00416350845290169,0.0448997474070719,0.112931108581808,33.8901506044786
201838,43,21.9504847155104,25.1602434821032,29.40954041587,0.00375996871986504,0.043193732517516,0.111038099583723,32.6873422577193
201839,39,22.2097604728448,25.481664569706,29.8203604226361,0.00337796848385958,0.0419461402726828,0.111270413356431,31.8324960614702
201840,38,22.4596654228276,25.7904591886826,30.2126739758476,0.00301851512847807,0.0411863473921499,0.113694959991033,31.3468270756954
201841,38,22.691772549051,26.0701262557882,30.5624510005031,0.0026829970663331,0.0409233335866744,0.118307665414698,31.2362393235403
201842,40,22.8998087214217,26.3076080297432,30.8497626315457,0.00236980278557886,0.0411442133918613,0.125038663628433,31.4900841443451
201843,43,23.0794091159329,26.4934284800476,31.0601283561301,0.00207754415227712,0.0418369045043302,0.133808048915537,32.098261756196
201844,46,23.2286979105865,26.6238718465878,31.1879894953554,0.00180748292067076,0.0429961988721659,0.144548994251724,33.0558583937145
201845,47,23.3473609222051,26.7011122461617,31.2376254687554,0.0015624842158916,0.0445895427439353,0.157081867250346,34.337281519923
201846,46,23.4364503040339,26.730910797162,31.2187199502193,0.00134427310720589,0.0465714961167994,0.171127967878702,35.9071685247184
201847,43,23.4984688347226,26.7235433972724,31.1483444427379,0.00115203200426301,0.0488632605535739,0.186315744149632,37.7050441820851
201848,40,23.5394439697051,26.6933007865468,31.0488078659263,0.000987515460393647,0.0514031817617209,0.202332783000771,39.6833968451883
201849,39,23.5660649463787,26.6540013010212,30.9407092592899,0.000853913811886368,0.0541501236764793,0.218917367544018,41.8090059247172
201850,42,23.5854519514748,26.6177668909081,30.8407290141781,0.000756989440877076,0.0570973254284694,0.235931338601532,44.0772531199575
201851,48,23.6044016617101,26.5951532724657,30.7628537257481,0.000702369667818534,0.060236637237284,0.253243790679602,46.4823959716772
201852,59,23.6290007798901,26.5949236298692,30.7179888724546,0.000693392686856999,0.0635432779250979,0.270647365069933,49.0057400313747
201901,71,23.6642843993527,26.6224664420179,30.7119633787955,0.000733409082767796,0.0670272636551219,0.288088842367855,51.6547506047971
201902,84,23.7132850509741,26.6803493932769,30.7477301342278,0.00082581525347019,0.0707054456340927,0.305607984540421,54.4417074283137
201903,96,23.7776797393635,26.7691363936641,30.825681884583,0.000970120905717751,0.0745308025898359,0.322950471492814,57.3304140921198
201904,108,23.8549685816096,26.8835028793082,30.9387372538836,0.00116818074834373,0.07845806769359,0.339816375062276,60.2856831114711
201905,121,23.940851535746,27.0158113873209,31.0780798083507,0.00142148140610357,0.0824341491564018,0.355924099958913,63.2660481872492
201906,137,24.030087908323,27.154723790884,31.2295830800264,0.00173401565671513,0.0864667436469984,0.371239074377209,66.2756240198568
201907,155,24.1159314785541,27.2874202911632,31.3769547820731,0.00210860047944916,0.0905523322013074,0.385696113339569,69.3099583401842
201908,176,24.1915737710803,27.4018207990598,31.5046887126244,0.0025444319572989,0.094654288775374,0.39914236672006,72.3426388474282
201909,197,24.2500514735381,27.4864984164094,31.5976839730991,0.00303842795560763,0.0987467266891564,0.411556953401822,75.3543877366338
201910,218,24.285328503802,27.533534357202,31.6454316527378,0.00358841176029774,0.102756328452255,0.422620986294695,78.2903839222106
201911,240,24.2926782033504,27.5387896741142,31.6423645618338,0.00419272834945828,0.106656816021634,0.432271705337307,81.1316368994032
201912,267,24.2690401500925,27.5022939034489,31.5890472635218,0.00485027805841972,0.110421685316559,0.440484810867698,83.8594430488717
201913,309,24.2127963887428,27.4266833020489,31.4886730045686,0.00555378275807302,0.113970382618187,0.446960113809523,86.4146372847028
201914,374,24.1223556553102,27.3155954571829,31.3466107880867,0.00629669892253215,0.117254087056515,0.451536106328825,88.7622690022201
201915,471,23.9971072769907,27.1721164674282,31.1676425846704,0.00707674004971224,0.120278390166479,0.454254357242871,90.9085546816551
201916,599,23.8378548729309,26.9976728021699,30.9532803239756,0.00788736649140601,0.123063552994879,0.455262806143993,92.8711190441418
201917,750,23.6466865581797,26.7939164134227,30.7043235997269,0.00871791068319954,0.125597444425693,0.454626655109958,94.6432773177808
201918,908,23.4267391557476,26.5617309692776,30.4203105060785,0.00955642636327523,0.12783246068037,0.452320103743126,96.1917689330173
201919,1052,23.1808061835449,26.2993643055117,30.0968994575549,0.010389788333759,0.129762569276338,0.448545215317953,97.5144049577025
201920,1164,22.9148702598787,26.0078721177697,29.7327239916441,0.0112112806002556,0.131337318402733,0.443195557419076,98.5755952390466
201921,1231,22.6355821747239,25.6906572853132,29.3304008921783,0.0120015772676401,0.132506176702872,0.436287555802645,99.3395894114596
201922,1255,22.3499867570695,25.3531785666473,28.896737433609,0.0127450052651208,0.133195171169032,0.427796692798289,99.7530026797369
201923,1244,22.0663311140773,25.0037571729265,28.4433528779323,0.0134178980749946,0.133289520349301,0.417548371872863,99.731455716601
201924,1215,21.7929273269842,24.6519308526572,27.9844868581847,0.0140124491614566,0.132738341277187,0.405538130707165,99.2386181224451
201925,1185,21.5372522946192,24.3086409072415,27.5371940391104,0.0145135280366865,0.131472165240047,0.391695041443857,98.2240327497152
201926,1161,21.3086109784784,23.9863434425323,27.1196144199275,0.0148985421505437,0.129434637617506,0.37600557891055,96.6468612307486
201927,1143,21.1140506143338,23.6973860202287,26.7500629289316,0.0151380796607747,0.126566783623842,0.35846466612784,94.4639441652105
201928,1125,20.9591093263447,23.4531722555276,26.4452945919292,0.0152170664697694,0.1228516894589,0.339157773394561,91.6637179006954
201929,1094,20.8479453172653,23.2634560754815,26.2185367377702,0.0151329779719992,0.118336132229879,0.318340378047864,88.2823538347414
201930,1041,20.7837104553463,23.1376164675958,26.0814978206033,0.0148821415913976,0.113051287811201,0.296195302448152,84.3438747621354
201931,964,20.7667755864976,23.0827974460472,26.0423659686523,0.0144634170047354,0.107060023485398,0.273008891381635,79.8960050731891
201932,869,20.7958992581685,23.1033297033063,26.1060076362572,0.01388735703713,0.100451894194378,0.249155530931673,75.0061462740604
201933,766,20.8676955953633,23.1999811270016,26.2734785973952,0.0131698112593182,0.0933483635892163,0.22505440632422,69.7654593362389
201934,670,20.9759638575146,23.3672684142647,26.5379379826037,0.0123442965110027,0.0859237329330403,0.201229092936218,64.3044657555724
201935,590,21.1133915432226,23.5970094401612,26.8898138182298,0.0114288479124655,0.0783039144229348,0.178059713192376,58.7169121267892
201936,532,21.2739295957659,23.8784249028602,27.3155501262823,0.0104404249506787,0.0706410799380357,0.156010101290433,53.115812357179
201937,489,21.449700190958,24.197865292511,27.7985367407472,0.00939175459729256,0.0630684522908649,0.135475838877503,47.5993697493735
201938,455,21.6346214544716,24.5406419655994,28.3196161551392,0.00830635445569424,0.0557437879817708,0.116886781427885,42.2840101960554
201939,423,21.8234854912796,24.8930206855224,28.8602852592098,0.007209345922577,0.0488076173512033,0.10059613770056,37.272721152628
201940,386,22.0110546216585,25.2418638787721,29.4025033409302,0.00611484617965868,0.0423639489624656,0.0868672001129024,32.6404978114439
201941,343,22.1946411347248,25.5762183692805,29.9289229313696,0.00504254580929054,0.036528610816606,0.0759662599790558,28.4712276690128
201942,298,22.3726679656898,25.8876573264537,30.4245417412053,0.0040086032069928,0.0314315953196321,0.0682135453543098,24.8592944027896
201943,256,22.5437577880669,26.1695517227248,30.8762353305179,0.00303080376653894,0.0272027447286128,0.0638992885671189,21.8990183572077
201944,223,22.7074501817183,26.4183397103323,31.2746089618492,0.00212721810924186,0.023956149312085,0.0632523080502372,19.6727855868397
201945,199,22.8643322109673,26.6329959791143,31.6133082251567,0.00131417341794119,0.0217970828019296,0.0664661403949627,18.2563921130842
201946,181,23.0153212315174,26.81378919699,31.8876061031017,0.000606208336087014,0.0208173458951812,0.0737137863781626,17.7156087516908
201947,164,23.160816660691,26.9621908677723,32.0956075920345,1.67749302198018e-05,0.0211016838195346,0.0851337453795162,18.1108719907103
201948,144,23.3015421678372,27.0827843918958,32.2419496696507,0,0.0226884515820594,0.100715947419108,19.4679834548881
201949,119,23.438460677008,27.1823066722134,32.3363878982978,0,0.0255802540681674,0.120347870642021,21.7923067553366
201950,91,23.5712459130452,27.2674865201843,32.3906493316278,0,0.0297258475607277,0.143724140627708,25.0342665510954
201951,63,23.6995407857268,27.3449250365274,32.4176052383819,0,0.0350487899531952,0.170469256256529,29.1274160171234
201952,40,23.8225401378164,27.4190478851697,32.4275428429165,0,0.0415054484972657,0.200352852095333,34.0326612982199
202001,27,23.9387967374519,27.4923127494775,32.4292276194731,0,0.049001325862295,0.23290960255432,39.6752191183148
202002,24,24.0463542867066,27.5651871102823,32.4289398780279,0,0.0574212685488518,0.267610205621978,45.967602958857
202003,29,24.142672468463,27.6344553815008,32.4270723284649,0.000124260749081257,0.0666442641801551,0.303915458213057,52.8208146669434
202004,38,24.2247922311089,27.6943470167267,32.4194667659681,0.000725734098913502,0.076551737418713,0.341356229216915,60.1506174842921
202005,46,24.290776775008,27.7390832111052,32.3998514188353,0.00143609836078968,0.0869866848598796,0.379303242878491,67.8465318601405
202006,50,24.3388796818777,27.7629965468559,32.3615724845063,0.00224152198583432,0.0977761527274943,0.417144822427666,75.7883410760098
202007,49,24.3674354320892,27.7599395000388,32.2959068813188,0.0031265021846885,0.108742744081547,0.454279105387294,83.8546254268178
202008,44,24.3748638725564,27.7243224953987,32.1936377518723,0.00407329555894784,0.11974196231811,0.49029138673669,91.934269080523
202009,38,24.360593531206,27.6524893702622,32.0468364903616,0.00506632777189415,0.130562187955895,0.524432986275859,99.8717359407212
202010,32,24.3247141587958,27.5428111531098,31.8507360616591,0.0060859962518987,0.141056424283254,0.55635893224532,107.560068026465
202011,30,24.2676701800205,27.3974671476613,31.606850427733,0.00710407354865164,0.150954183261078,0.585161796367294,114.798934061568
202012,32,24.1896806990578,27.2188911792706,31.3177788882153,0.00810664236001839,0.160099154248744,0.610354971829979,121.473729111353
202013,38,24.0909731797291,27.010672970136,30.9886636336348,0.00908133856355889,0.168407433976572,0.631784440318901,127.524419968309
202014,47,23.9717967876698,26.7784964471984,30.6286504905725,0.010014189740259,0.175748401025801,0.649133626037192,132.855298937812
202015,58,23.8335309384577,26.5306693596773,30.2505588471037,0.0108850004043889,0.18192940233454,0.661860585965857,137.323821045564
202016,67,23.6760613779096,26.2733869311556,29.8657411604884,0.0116881128761167,0.186873005927819,0.669866219794269,140.873768896675
202017,75,23.4990976765518,26.0113774156216,29.4836163267331,0.0124193696031132,0.190527850314298,0.673111498912266,143.468647296615
202018,79,23.3022501301027,25.7474868611346,29.1114333571246,0.0130644335479501,0.192886885727212,0.671790520372958,145.104926385301
202019,81,23.0846120320662,25.4834179092664,28.7549125163561,0.0136108494650196,0.193860774802103,0.665674773121661,145.716548917071
202020,80,22.8453688755656,25.2190415186349,28.4179034661922,0.0140353856793035,0.193419194395264,0.654940932036115,145.281246513953
202021,79,22.5850313894415,24.9535175128825,28.1018230855097,0.0143262196383286,0.191523154550447,0.639526654278405,143.769893069965
202022,78,22.3044790470229,24.6843058759505,27.8045576059824,0.0144780209662602,0.188220496048658,0.619710221307615,141.21817160801
202023,78,22.0068130417316,24.4098637751085,27.523130178635,0.0144881323779303,0.183621865842249,0.596049834381445,137.709075234324
202024,79,21.6988622784259,24.1314974257512,27.2556310233758,0.0143506601991461,0.177786753531047,0.568873825939648,133.286668726376
202025,81,21.3890160641062,23.8536161400952,27.0026851950987,0.0140694626648753,0.170821516614036,0.538640876230854,128.030084005965
202026,83,21.0875889297416,23.5828159183755,26.7670896668718,0.0136662427060451,0.16291261088533,0.506046654372111,122.078656616698
202027,83,20.8063851293098,23.3293611271828,26.5560147754363,0.0131632225101417,0.1542345700636,0.471723260075323,115.562596443673
202028,80,20.5570060272119,23.105351821144,26.3801464005417,0.012572291686217,0.144971430654902,0.436353084193312,108.619113359866
202029,75,20.3497770788263,22.923504185232,26.2526766160332,0.0119030012594259,0.135277454362179,0.400501169186137,101.36286181592
202030,67,20.1946790598094,22.7961743466089,26.1873318367873,0.0111656991201996,0.125323530157989,0.364786752169622,93.9207809274275
202031,58,20.0986545603695,22.7335621322892,26.1964999330004,0.0103757319447041,0.115279518301318,0.329748364931838,86.4186920522406
202032,48,20.0665661725648,22.7440135091934,26.2911173428334,0.00953767026071437,0.105245394728281,0.295688008129841,78.9296234299612
202033,41,20.1004267771661,22.8327234061132,26.4782522677889,0.00865988482013547,0.0953494893577358,0.263040113737927,71.5480098039618
202034,35,20.2002436552121,23.0011734304891,26.7595306195758,0.0077458035613159,0.0857094910353417,0.232177282218162,64.3604571805783
202035,31,20.3624181204169,23.2461341225252,27.1302386333234,0.006808438890481,0.0764470796183276,0.20344984643178,57.4563788985599
202036,28,20.5803076442204,23.5588300637451,27.5784409850213,0.00586373626256199,0.0676669056976341,0.177134589768752,50.9128277594048
202037,26,20.8437970461259,23.925834360781,28.0864478166835,0.00493077786246019,0.0594684459136791,0.15348143969108,44.8031104900009
202038,25,21.1403835207435,24.3284661615721,28.6290755163235,0.00402398172772175,0.0519447713550813,0.132703244192592,39.1958997411181
202039,23,21.4559833934766,24.7449120150475,29.1767931980121,0.00315388634296811,0.0451764673102495,0.114997562265707,34.1507497092294
202040,22,21.7769957672437,25.152365828445,29.698302099827,0.00233740685875701,0.039258646765307,0.100568259706078,29.7383681515905
202041,21,22.08899354795,25.5280474496404,30.1633207038688,0.00158918337359558,0.0342789046500724,0.0896009759625896,26.0236494621739
202042,20,22.3786668493608,25.8526411805185,30.5471131376498,0.000923087438812072,0.0302586341741978,0.0820288453084995,23.0218731200741
202043,19,22.6358250527489,26.1143025266084,30.8360863617788,0.000348148226742242,0.0271754248380449,0.077674240203766,20.7153537578961
202044,18,22.8526950348751,26.3072169634512,31.0258226673934,0,0.0250130015988691,0.0763638492949834,19.0913524621373
202045,18,23.0262238680099,26.4341974957386,31.1238710928178,0,0.0237453080702026,0.0779102195963104,18.1301582634943
202046,17,23.1562982685845,26.5040711833914,31.1466880140309,0,0.0233448476072653,0.0821074914502498,17.8113901489414
202047,16,23.2464057792887,26.5305884923308,31.1175311692314,0,0.0237816901245806,0.088743655964482,18.1133749983592
202048,16,23.30197934224,26.5285788193324,31.0593609368843,0,0.0250363776070108,0.0976475133128843,19.0169916903624
202049,15,23.3303980097389,26.5135592996077,30.9954591734243,0,0.0271016254089069,0.108681112730393,20.5210353968464
202050,15,23.3402422219469,26.4997278283067,30.9461294902142,0,0.0299762541418081,0.121752793035717,22.6372041529258
202051,15,23.3384454339544,26.4970932728542,30.9250392573277,0,0.0336606307287346,0.136769053568916,25.3752449034675
202052,15,23.3308865278497,26.5124956377159,30.9410756372932,0.000503305265699675,0.0380689522012691,0.153338039809021,28.6771552743898
202101,14,23.3239793032263,26.5515128912708,31.000799821021,0.00119036968074239,0.0431390753196944,0.17126896946491,32.4990907925368
202102,14,23.321171983032,26.6134606492589,31.1009247175282,0.00200140445870723,0.0488007190826878,0.190335719886598,36.7877342824384
202103,13,23.3258183185948,26.6956008668346,31.2341976077859,0.00292493786436396,0.0549658500649009,0.210304325420748,41.4727969597808
202104,13,23.3389601678874,26.7902216358118,31.3854064759801,0.00394823549332534,0.0615328827882266,0.230878509056013,46.4702628401078
202105,13,23.360158552825,26.8861141555265,31.5339012355428,0.00505769682089455,0.068406493391139,0.251792449738486,51.698131581382
202106,13,23.387519948761,26.9708809614635,31.6572420871007,0.00623909143377545,0.0754909515945771,0.272767416225813,57.0713818288347
202107,14,23.4172034797688,27.030289689498,31.7314272098801,0.00747802275270344,0.0826909725042649,0.293491839668998,62.5166832068274
202108,14,23.4444065994294,27.0505124249222,31.7334364003722,0.00876186772043282,0.0899042489175812,0.313633840442431,67.9600274233123
202109,14,23.463586100604,27.0214237722603,31.6480987229069,0.010073510977775,0.0970819299874692,0.333096569347163,73.3637498203809
202110,15,23.4694081948771,26.9380982747612,31.4697342675491,0.011396648886745,0.104112088901138,0.35152871187218,78.6432589881987
202111,15,23.4568274032371,26.8008329942518,31.2024220586505,0.012725092772469,0.110996708221315,0.369085087682155,83.8002014214431
202112,16,23.4219640759642,26.6157030457872,30.8592674954256,0.0140241529538075,0.117566283097863,0.385320630232925,88.7073928715237
202113,18,23.3613276196506,26.391924685175,30.4594998922598,0.0152638747630504,0.123625777557028,0.399642137438832,93.2185735939766
202114,20,23.2710034496303,26.1384390909257,30.0229783686793,0.0164181887524789,0.129047139731166,0.411675771022756,97.2381693705741
202115,23,23.1493432907626,25.8651112939721,29.5708351674829,0.0174682834635604,0.133748432913287,0.421212969695571,100.705896902964
202116,26,22.9963990102759,25.5830021559502,29.1254026393149,0.0183819978986769,0.137593378658223,0.427883792664333,103.520748923773
202117,31,22.8129323043282,25.3002574882756,28.7033122094657,0.0191241972457622,0.140472494470512,0.431456267286329,105.602130368193
202118,38,22.6024572324868,25.0222061733388,28.3143344870701,0.0196965897094909,0.142374029427228,0.431941003496139,106.943518147783
202119,49,22.3698280659529,24.7533418489201,27.9652112515797,0.0201038366743498,0.143388665036694,0.429737054475573,107.615987897522
202120,64,22.1211871331602,24.4954526423542,27.6560793435252,0.0203658761913005,0.143604473309846,0.42517145128107,107.688896988269
202121,87,21.8639258133961,24.2488139293041,27.3825644912668,0.0205051001821962,0.143174817121269,0.41883725907231,107.281235867224
202122,116,21.6060224021276,24.015027890895,27.140401905772,0.0205226869471256,0.142170830746904,0.411057071019426,106.449604716522
202123,152,21.3557318620265,23.7951384176863,26.9234524285389,0.0204307173964226,0.140641369003802,0.401944822911072,105.233520053718
202124,193,21.1212406158033,23.5902544394576,26.7261419505387,0.0202410498262812,0.138670521898848,0.391765803020572,103.698837727589
202125,235,20.9110152817629,23.4037492522928,26.5470677424154,0.0199520293957529,0.136273384313946,0.380623761194523,101.859169721961
202126,275,20.7324404724734,23.2413324148855,26.3906751723998,0.0195450134576449,0.133375652557793,0.368364694724351,99.6602393718118
202127,309,20.5920099320144,23.1089043190046,26.2633157539824,0.0190007584185001,0.129920063392913,0.354914569079223,97.0602969419425
202128,334,20.4958730332309,23.0139492398449,26.1753719741663,0.0183378138226712,0.125912911058743,0.340310697292406,94.0650944157202
202129,348,20.4486072689639,22.9657767328172,26.1414004248417,0.0175633759358584,0.121354152432956,0.324605212474252,90.6754030939598
202130,353,20.4548126671506,22.974092101325,26.1769279210545,0.0166889232010283,0.116256159302152,0.307893921886235,86.9012719249144
202131,350,20.516582447405,23.04683422187,26.29544002354,0.015725298345716,0.11066754002554,0.290376934059795,82.7798424866253
202132,342,20.6340625565705,23.1896076263684,26.5073818083577,0.0146887427268419,0.10470906772287,0.272510003053426,78.4022615283265
202133,331,20.8061896327781,23.4040980754078,26.8158860783087,0.0135973023841767,0.0984613277087903,0.254501433488705,73.8290595724349
202134,319,21.0282336171762,23.6870634038723,27.2173574002275,0.012468726679868,0.0920096169415071,0.236593402926393,69.1241751644662
202135,308,21.2936256465973,24.0303067866447,27.699937195681,0.0113113921471046,0.0854295477122042,0.219033439654013,64.3436375837264
202136,297,21.5927391300938,24.4206846425381,28.2449092446785,0.0101351015998709,0.0788015777780013,0.202056856146775,59.5464919705126
202137,285,21.9148094712177,24.8411962005713,28.8267623136966,0.00894566123612595,0.0722079536233156,0.185898801146211,54.7927553829917
202138,272,22.2486420316067,25.2741907974004,29.4187315254091,0.00775912877974301,0.0657551797460271,0.170865984865643,50.1603918667183
202139,257,22.5820977389948,25.7003726331814,29.991516808843,0.00658800445025648,0.059539570686744,0.157202773287723,45.7192905236487
202140,241,22.9052521789936,26.1037863077352,30.5205797805818,0.00544461318888853,0.0536346823996287,0.145067018018828,41.5222040940633
202141,224,23.2083602198756,26.4699768442685,30.9849446658935,0.0043445862499229,0.0481366153111088,0.134667842470056,37.6386657373956
202142,207,23.4829342086964,26.7872484567165,31.368862583192,0.00330847627435132,0.0431947950062875,0.126414027683434,34.1784284991192
202143,188,23.7222251691746,27.0469484942101,31.6617760930921,0.0023605481589521,0.0389765198034312,0.120730977256686,31.2644709478819
202144,168,23.9210516279684,27.2447080278177,31.8609086288405,0.00151875360400764,0.0355659083370303,0.117773494173989,28.9567696103587
202145,147,24.0762348075403,27.3795424614771,31.9694283412299,0.000797767684788488,0.0330876014590449,0.117813824943981,27.345582366041
202146,126,24.185793868864,27.4542948644306,31.9973202900179,0.000209395915533967,0.0316340806576327,0.121026866792429,26.4963486708636
202147,105,24.251272922515,27.4768461616815,31.9611235754886,0,0.0312529648575189,0.127445311150747,26.4406072229411
202148,87,24.2745103695055,27.4568708852515,31.8799132219942,0,0.0319609421219953,0.136995390069971,27.1972544626022
202149,74,24.2593453546316,27.4060305762771,31.7743754642739,0,0.0337228291795236,0.149428974628649,28.7208998654954
202150,65,24.2124741608489,27.3384930211655,31.666987084616,0,0.0364756863704847,0.16441233084546,30.9483187337623
202151,62,24.1410068061286,27.2674129585878,31.5769557912831,0,0.0401476736688986,0.181611851736517,33.8136170213811
202152,64,24.052891208221,27.2034830358049,31.5170516847721,0,0.0447213286284733,0.200943085285264,37.2962619803165
202201,67,23.956843641196,27.1551807203703,31.4945098006248,0.000170824717126217,0.0500896444073175,0.221897271097923,41.3127248636888
202202,72,23.8609514396235,27.1266123161575,31.5086300170576,0.000753804179006634,0.0561438329476664,0.243993677445221,45.7828189169856
202203,77,23.771191749994,27.1160589550838,31.5499659288738,0.00148162205096664,0.0628573340124195,0.267037343262658,50.6932988370231
202204,83,23.6925212802004,27.1178643296602,31.6028836149494,0.0023510046515202,0.0701690718770131,0.290765342030155,56.0091990639102
202205,89,23.6279907927355,27.1241783792645,31.6500225525967,0.00335773139955872,0.0780235568004568,0.314980580060833,61.7037093239174
202206,97,23.577336344844,27.125565525952,31.6740196908938,0.00448953391833578,0.0863221571652868,0.339357671302639,67.7207535808806
202207,106,23.5403494806053,27.1147839701386,31.6622558030456,0.00573113750423464,0.094953613075195,0.363615826181815,73.9700841036476
202208,114,23.5145539950259,27.085480021873,31.6057244660197,0.00706478627575467,0.103756726706382,0.387258945129383,80.3345578873888
202209,120,23.4966435572172,27.0336419337462,31.5007593671599,0.00847298489132464,0.112639737336755,0.410103390184035,86.7496135330104
202210,126,23.4826792813329,26.9572044020426,31.3478930280898,0.0099377997975869,0.121529258783235,0.431987493038298,93.164415692519
202211,138,23.4684736556335,26.8571068586372,31.1527521038954,0.0114375961899168,0.130288508262763,0.452492239484675,99.480154727143
202212,167,23.449158504812,26.7327818089858,30.918853594074,0.0129670545047631,0.138911577276257,0.471708640401728,105.696724634672
202213,231,23.4192272733281,26.5829653346847,30.6479151294756,0.0145161308223081,0.147379110229964,0.489730221840499,111.803958825836
202214,345,23.3737199613829,26.4071449103871,30.3416248327279,0.0160736429894886,0.155635683272732,0.506555289975316,117.764520664156
202215,524,23.3078003160058,26.2048316632852,30.0016001019669,0.0176266162963172,0.163638810101198,0.522255889299114,123.55011563832
202216,767,23.2178533658206,25.9772537348505,29.6311557308786,0.0191568589231446,0.171299522413452,0.536744731858092,129.097201940285
202217,1062,23.1005096337618,25.7247215745519,29.2315988434294,0.0206627559434227,0.178517957610414,0.549840637583863,134.333397439638
202218,1382,22.9534382081913,25.4488438749088,28.8064870336789,0.0221049384450654,0.185085684418878,0.561011412966352,139.103594322643
202219,1688,22.7753126213521,25.1529305621245,28.3630068993435,0.0234449697281667,0.190830758907798,0.569925998440649,143.279213213162
202220,1942,22.5667437555525,24.8423569942498,27.9115677961156,0.0246417984087941,0.195564672666922,0.576080090267197,146.718750266994
202221,2112,22.3304619947872,24.5234801333222,27.463857997586,0.0256538894392834,0.199091972481989,0.579070655499755,149.274629468326
202222,2183,22.070347897688,24.2012048923843,27.0290032806849,0.0264605229100431,0.201264728226611,0.578499776419669,150.834945588632
202223,2155,21.7924170274803,23.8822808664816,26.6181532740582,0.0270396456501562,0.201962660550848,0.574105231254965,151.308291144807
202224,2045,21.5045645744866,23.5752523222939,26.2447475881789,0.0273813253543179,0.201130642740831,0.565827159152173,150.652117914109
202225,1882,21.2157218939793,23.2888325240664,25.9212310649128,0.0274905887156279,0.198819262864092,0.553909829069961,148.903146044347
202226,1695,20.9363986176158,23.0318928518821,25.6583317286524,0.0273842107416975,0.195162356544803,0.53882044262396,146.16100619114
202227,1509,20.676884259846,22.8119864475664,25.4636349920458,0.0271051613313811,0.190373381715843,0.521180278274491,142.585222224332
202228,1340,20.4464976981678,22.6375560464943,25.3465445226103,0.0266322379206294,0.184553058867222,0.501425857863621,138.249852224458
202229,1194,20.2542061569031,22.5154967828174,25.3127603477001,0.0259692343456815,0.177848814061843,0.480080370200951,133.263757206615
202230,1067,20.1081503291823,22.4517974319076,25.3658102336874,0.0251239878150635,0.170445896681307,0.457732947760379,127.764096566951
202231,952,20.0148999927628,22.4513794889964,25.5071503988426,0.0241004458732256,0.162469347468194,0.434837531127655,121.842471175456
202232,842,19.978925808665,22.5171890812233,25.7343953461112,0.022910108546491,0.15400778709198,0.411588678487829,115.562904661379
202233,735,20.0028629976911,22.6506642107012,26.0432144453089,0.0215652067825076,0.145187112865995,0.388368262921557,109.017416774579
202234,629,20.0863719838736,22.8499581382533,26.4248420419155,0.0200865089872271,0.136153868433536,0.365593580209746,102.313312122589
202235,528,20.226200173605,23.1080968485942,26.8630620512698,0.0185085164415703,0.12708977384099,0.343714444381452,95.5848994039026
202236,433,20.416978219788,23.4146142542494,27.3378539766018,0.0168682360449088,0.11818611100967,0.323188993649663,88.9741367606175
202237,351,20.6511746459767,23.7553280424247,27.8260092992547,0.0152110642757848,0.109648658264358,0.304494323257037,82.6341942913178
202238,282,20.9169803497105,24.1130490215246,28.3041468158766,0.0135528282872179,0.101575499899345,0.287826444709163,76.6367926364997
202239,225,21.2034532003732,24.4698526460664,28.7493861152949,0.0119267731524012,0.0941106163473786,0.273479604996844,71.0884587366708
202240,180,21.4982800914631,24.8087465648959,29.1441681322243,0.0103624701125808,0.0873988479850414,0.261781194798235,66.0963195097042
202241,143,21.7895799135282,25.1159042443802,29.4772764923369,0.00887851316077018,0.0815015689833604,0.252795828359817,61.7049787299945
202242,115,22.0664070425552,25.3831014588949,29.7464640800768,0.0074852210877625,0.0763980479979535,0.246269807649043,57.8970948402288
202243,95,22.3196100040109,25.6072413797923,29.9572097870933,0.00618948695821398,0.0720552704140941,0.241939998220804,54.646528185119
202244,81,22.5424478611117,25.7885682595107,30.1177790467707,0.00500233214474431,0.0685293335336231,0.239846824989572,51.9948422441441
202245,71,22.7297234718998,25.9303093975322,30.239320362652,0.00393788950886929,0.0657761445779364,0.239697047399616,49.9084639610001
202246,63,22.8798353410234,26.0401711872294,30.3366065390887,0.00300610562756406,0.0637491822970268,0.241224762127661,48.3530047185215
202247,56,22.9934539011289,26.125099567014,30.420413388109,0.0022178488873141,0.0624355633274234,0.244300883268002,47.3199953941924
202248,48,23.0725310558652,26.1918545549002,30.4985926826393,0.00158638016870075,0.0618610859336823,0.248942889137939,46.8255856113659
202249,40,23.1221028199123,26.2475524130144,30.5773659963189,0.00112146566182839,0.0620613718509489,0.255246855797109,46.9063680578923
202250,33,23.1478980105488,26.2971006686913,30.6592157009067,0.000831109166730077,0.0631095240772086,0.263447334025562,47.625015932884
202251,29,23.1563073023426,26.3439340764049,30.7435212476609,0.000715673048268603,0.0650212156771084,0.273563027022521,48.9994633237518
202252,28,23.1542136900485,26.3918244364501,30.830412304118,0.000770571848124457,0.0677526912572431,0.285348772498405,51.0007595542443
202301,32,23.1479622276738,26.4418297915176,30.9166982084851,0.000992438455093775,0.0713202088140764,0.298868626167711,53.6436841447594
202302,38,23.1432198660426,26.4939576126062,30.9984292078896,0.00137425940070244,0.0757186443737997,0.314105935657943,56.9246969459301
202303,46,23.1443197554891,26.5484758496668,31.0738059195198,0.00190368528505626,0.080787517897726,0.330543395782575,60.7208899059531
202304,52,23.1548037740592,26.6047738963246,31.1406194947025,0.00256630120414743,0.0863980662533072,0.347783148464848,64.9319505367305
202305,55,23.1759487910251,26.6597615155725,31.1944654522672,0.00334505937824375,0.0924085847730994,0.365391672657936,69.4463186403054
202306,57,23.2072764448769,26.7091686419757,31.2299296339777,0.00422844880609152,0.0987188657452949,0.383083783634201,74.1823706457414
202307,58,23.2464981216255,26.7482552324339,31.2424643904928,0.00520184376213402,0.105210484414931,0.400519921989333,79.0569852617823
202308,61,23.2899732996177,26.7713911158339,31.2266834060741,0.00625120748503646,0.111851437022405,0.417713699592282,84.0461584284455
202309,68,23.3333690270421,26.7746402978288,31.1796248163251,0.0073574839971176,0.118465464832618,0.434113203589197,89.0172905695184
202310,80,23.3719486555304,26.7555504498321,31.1004695247054,0.00850194535537823,0.124892477684699,0.449283300164004,93.849680126553
202311,96,23.4004587107572,26.711911632668,30.9882812832537,0.00966246202182365,0.130991689922353,0.462872923940871,98.4372793069938
202312,114,23.4146162382802,26.6438554486766,30.8445063937739,0.0108154709255228,0.136589512991261,0.474376882621681,102.649165371832
202313,130,23.4100824433586,26.5507304071505,30.66865283433,0.0119400909275655,0.141554937895221,0.483457249414494,106.38638258099
202314,142,23.3830873720103,26.4315396278741,30.4590816199045,0.0130155039912961,0.145787572875612,0.4898773597215,109.572939816091
202315,148,23.3299230914096,26.2859814366357,30.2154797032937,0.0140188687800085,0.14917065699589,0.493333339695711,112.120684571027
202316,148,23.248044609311,26.1122934969034,29.9348110958896,0.0149399213909973,0.15166629383885,0.493777847330236,114.000885793366
202317,144,23.1352417062516,25.9085585709349,29.6145631378962,0.0157556080399505,0.153264857218486,0.491315202495967,115.206356816553
202318,137,22.9912743038825,25.6747387640139,29.2550989346612,0.0164626776187426,0.154013649961586,0.486249748574925,115.773113280416
202319,131,22.8174882636378,25.4135063551075,28.8615095462791,0.0170549185016776,0.153881376696578,0.478517090105861,115.67773149333
202320,127,22.6176586327824,25.1300853281219,28.4431320378273,0.0175286145174927,0.152894936963535,0.468351293691062,114.940504291602
202321,127,22.3969606578088,24.8320116855837,28.0133361124066,0.017884201741318,0.151098837371992,0.455889486785025,113.595082416324
202322,129,22.1626465951485,24.5296961814002,27.5899263624406,0.0181236485989858,0.148598634005907,0.441586675619602,111.72119496108
202323,132,21.9220640640653,24.2333012723592,27.1907144797165,0.0182488291373689,0.145513899886428,0.425957978492731,109.408801733646
202324,134,21.6841038217089,23.9553761195477,26.8365875874076,0.0182513912367173,0.141907625348497,0.409313653921719,106.704865446718
202325,135,21.457251664693,23.7072963782818,26.5456613940592,0.0181237545725234,0.137816752737104,0.39183213237725,103.637068109239
202326,135,21.2502012276127,23.4988284045725,26.3317660071405,0.0178613424908171,0.133271818757149,0.373701659359949,100.227937979842
202327,133,21.0712835762497,23.3383727743836,26.2043713016447,0.0174332748325707,0.128228066798881,0.354946865252676,96.4431968188539
202328,130,20.92892719088,23.2331000984696,26.1676821703469,0.0168728353359644,0.122779476896603,0.335817296774912,92.3532678629338
202329,126,20.8284877058529,23.1874495264386,26.2214066494903,0.0161942587714789,0.116993193312197,0.316497676926089,88.0086232764824
202330,122,20.7753984979932,23.2057633579235,26.3636466366437,0.0154120636845496,0.110888443491041,0.297019889943083,83.4235046462397
202331,116,20.7722812651281,23.2883705151292,26.5865856123113,0.0145522273703092,0.104561526698441,0.277563754267096,78.6703523902966
202332,110,20.8165367223908,23.4291950291324,26.8754141162133,0.0136397243461999,0.09815788908749,0.258557557990164,73.8588265943788
202333,101,20.9034351414922,23.6192169556348,27.2133628570979,0.0126972277523579,0.0918003764774995,0.240308854542127,69.0812425489931
202334,92,21.0276937448934,23.8489325552121,27.5860742690303,0.0117394074346458,0.0855594236728129,0.222943447788847,64.3900225424874
202335,82,21.1816874160053,24.1092120762221,27.984292913277,0.0107686574688495,0.0794457405211748,0.206467149773935,59.7926994834018
202336,72,21.356673432905,24.3891707655032,28.3981375912055,0.00978249356075889,0.0734496478520828,0.190875482717084,55.2814532568911
202337,64,21.5470991744558,24.6786152234649,28.8169536760638,0.00876805374877121,0.0675193163164326,0.176042217304209,50.8164701952858
202338,58,21.7458268486701,24.9672278295644,29.2296425783733,0.00774899614168001,0.0617423978708622,0.162148192099745,46.4633395306125
202339,54,21.9478698466663,25.2507653786832,29.6345948416523,0.00672165718140932,0.0560892136018877,0.149049084403104,42.1988273130705
202340,52,22.1522727945401,25.5287054552927,30.0315279895071,0.00567980240524474,0.0504570750961497,0.13627457856734,37.9453316879218
202341,50,22.3561091357234,25.7985644104575,30.415703858689,0.00463764725212483,0.0448941199387542,0.123832672346938,33.7387436670364
202342,49,22.5531138156968,26.0540989403858,30.7771462596104,0.0036235641888868,0.0396512152675333,0.112585969247991,29.7685174862294
202343,47,22.7396543640412,26.2894864084638,31.1037675626487,0.00266987658085498,0.0349888502187454,0.103382440316966,26.2315490301001
202344,44,22.9091458094657,26.4967242163309,31.3826330659178,0.0018004379744779,0.0307818577923224,0.0957866594648688,23.0354844684776
202345,41,23.0611768550899,26.6745112880847,31.6092945978277,0.00102254727889661,0.0273158141386807,0.090805407290684,20.3976440427362
202346,38,23.1877623984259,26.8122628037986,31.7674628938231,0.000363685073020921,0.0249428593750599,0.0894736194274222,18.5850345442268
202347,34,23.2893407591684,26.896129425558,31.8292639248831,0,0.0242368062703079,0.0936008359476842,18.0309700200609
202348,31,23.3679661040574,26.941178010708,31.8255923756086,0,0.0247927915862209,0.101853918107219,18.4311784001762
202349,29,23.4308129798574,26.9560559412808,31.7703366958984,0,0.026734631680386,0.114300011158319,19.8779032450061
202350,27,23.4813747572659,26.9464704608787,31.6736781342619,0,0.0301182014272734,0.130941759559384,22.4132364024554
202351,26,23.5231448069801,26.918128813104,31.5457979392082,0,0.0349993757013532,0.151781807768813,26.0792697204287
202352,26,23.5596164996977,26.8767382415593,31.3968773592469,0,0.0414340293770955,0.176822800245007,30.9180950468309
