date,pdo
1992-10-04,1.410926
1992-10-11,1.623371
1992-10-18,1.299069
1992-10-25,1.086013
1992-11-01,1.206177
1992-11-08,1.366058
1992-11-15,1.135946
1992-11-22,1.173357
1992-11-29,0.888914
1992-12-06,0.581712
1992-12-13,0.729297
1992-12-20,0.827819
1992-12-27,0.637094
1993-01-04,0.786945
1993-01-11,1.149204
1993-01-17,0.721249
1993-01-24,0.662587
1993-01-31,1.397877
1993-02-08,1.53495
1993-02-15,1.219964
1993-02-22,1.318014
1993-02-28,1.203736
1993-03-07,1.420749
1993-03-15,1.701012
1993-03-22,1.218247
1993-03-29,1.084067
1993-04-04,1.152852
1993-04-11,1.095413
1993-04-18,1.21427
1993-04-26,1.142826
1993-05-03,1.0666
1993-05-10,1.319846
1993-05-16,1.527173
1993-05-23,1.441928
1993-05-30,1.333385
1993-06-07,0.931337
1993-06-14,1.138924
1993-06-21,1.21013
1993-06-27,1.328475
1993-07-04,1.28857
1993-07-12,1.370893
1993-07-19,1.089086
1993-07-26,1.141261
1993-08-01,1.252578
1993-08-08,1.354805
1993-08-15,1.152655
1993-08-23,1.173461
1993-08-30,1.551569
1993-09-06,1.458396
1993-09-12,1.418856
1993-09-19,1.237384
1993-09-26,1.055493
1993-10-04,1.48084
1993-10-11,1.541687
1993-10-17,1.636632
1993-10-24,1.531484
1993-10-31,1.599332
1993-11-08,1.433931
1993-11-15,1.461315
1993-11-22,1.267121
1993-11-28,0.818285
1993-12-05,0.592978
1993-12-12,0.566635
1993-12-20,0.912475
1993-12-27,1.307611
1994-01-03,1.37487
1994-01-09,1.156306
1994-01-16,1.216865
1994-01-24,0.989979
1994-01-31,1.047103
1994-02-07,0.972625
1994-02-13,0.597165
1994-02-20,0.654005
1994-02-27,1.042376
1994-03-07,1.268357
1994-03-14,0.839825
1994-03-21,0.374315
1994-03-27,0.640149
1994-04-03,0.836967
1994-04-10,0.746666
1994-04-18,0.609203
1994-04-25,0.378183
1994-05-01,0.673803
1994-05-08,0.709583
1994-05-15,0.606796
1994-05-23,0.444619
1994-05-30,0.362058
1994-06-06,0.314936
1994-06-12,0.601912
1994-06-19,0.708497
1994-06-26,0.539286
1994-07-04,0.362977
1994-07-11,0.337164
1994-07-18,0.444328
1994-07-24,0.436126
1994-07-31,0.136716
1994-08-07,0.314864
1994-08-15,0.54091
1994-08-22,0.540681
1994-08-28,0.493082
1994-09-04,0.610608
1994-09-11,0.582806
1994-09-19,0.704883
1994-09-26,0.867512
1994-10-03,0.740418
1994-10-09,0.624752
1994-10-16,0.575977
1994-10-23,0.355039
1994-10-31,0.488379
1994-11-07,0.698939
1994-11-14,0.356331
1994-11-20,0.118196
1994-11-27,0.053713
1994-12-05,-0.055028
1994-12-12,-0.389363
1994-12-19,-0.389684
1994-12-25,-0.166703
1995-01-01,-0.031001
1995-01-08,0.147714
1995-01-16,0.200563
1995-01-23,0.479558
1995-01-30,1.016066
1995-02-05,1.459762
1995-02-12,1.42611
1995-02-19,1.3374
1995-02-27,1.224626
1995-03-06,1.438867
1995-03-12,1.102935
1995-03-19,0.687262
1995-03-26,0.572698
1995-04-03,0.606916
1995-04-10,0.450345
1995-04-17,0.636028
1995-04-23,0.993584
1995-04-30,0.995923
1995-05-07,0.624156
1995-05-15,0.675892
1995-05-22,0.609066
1995-05-29,0.598892
1995-06-04,0.491388
1995-06-11,0.377776
1995-06-19,0.573642
1995-06-26,0.771736
1995-07-03,0.502138
1995-07-09,0.461734
1995-07-16,0.447618
1995-07-23,0.475759
1995-07-31,0.494948
1995-08-07,0.301083
1995-08-14,0.337516
1995-08-20,0.24268
1995-08-27,0.248182
1995-09-03,0.366547
1995-09-11,0.737816
1995-09-18,0.877104
1995-09-24,0.567104
1995-10-01,0.554893
1995-10-08,0.309985
1995-10-16,0.163461
1995-10-23,0.219517
1995-10-30,0.393139
1995-11-05,0.58489
1995-11-12,0.514386
1995-11-19,0.595802
1995-11-27,0.562205
1995-12-11,0.572391
1995-12-17,0.249305
1995-12-24,0.405834
1996-01-01,0.724683
1996-01-07,0.899497
1996-01-14,0.829425
1996-01-21,0.435079
1996-01-28,0.678738
1996-02-04,0.967351
1996-02-11,0.961809
1996-02-18,0.767642
1996-02-25,0.723166
1996-03-03,1.005502
1996-03-10,0.939517
1996-03-17,0.714034
1996-03-24,0.869132
1996-03-31,0.842738
1996-04-07,0.717868
1996-04-14,0.428192
1996-04-21,0.45729
1996-04-28,1.129746
1996-05-05,1.546058
1996-05-12,1.533804
1996-05-19,1.286481
1996-05-26,1.247066
1996-06-02,1.01086
1996-06-09,0.81831
1996-06-16,0.800444
1996-06-23,0.870238
1996-06-30,0.844151
1996-07-07,0.774973
1996-07-14,0.81901
1996-07-21,0.865517
1996-07-28,0.978331
1996-08-04,1.003735
1996-08-11,0.842513
1996-08-18,0.757249
1996-08-25,0.916487
1996-09-01,0.931269
1996-09-08,0.767133
1996-09-15,0.972141
1996-09-22,1.133216
1996-09-29,1.121262
1996-10-06,1.118609
1996-10-13,0.890151
1996-10-20,0.736966
1996-10-27,0.966811
1996-11-03,1.250243
1996-11-10,1.111978
1996-11-17,1.098774
1996-11-24,0.765902
1996-12-01,0.36499
1996-12-08,0.403579
1996-12-15,0.872575
1996-12-22,1.504621
1996-12-29,1.738092
1997-01-05,1.536433
1997-01-12,1.480467
1997-01-20,1.741274
1997-01-27,1.795723
1997-02-03,1.317319
1997-02-09,1.209751
1997-02-16,1.190533
1997-02-23,1.187726
1997-03-03,1.222211
1997-03-10,1.001262
1997-03-17,1.183804
1997-03-23,1.015994
1997-03-30,0.986208
1997-04-07,1.14991
1997-04-14,1.239639
1997-04-21,1.327375
1997-04-27,1.421815
1997-05-04,1.604029
1997-05-11,1.778699
1997-05-19,1.916716
1997-05-26,1.856929
1997-06-02,1.419352
1997-06-08,1.382264
1997-06-15,1.324459
1997-06-22,1.284374
1997-06-30,1.339968
1997-07-07,1.456283
1997-07-13,1.576128
1997-07-20,1.655764
1997-07-27,1.692879
1997-08-04,1.729158
1997-08-11,1.829704
1997-08-18,1.709263
1997-08-24,1.671577
1997-08-31,1.645627
1997-09-07,1.750858
1997-09-15,1.779132
1997-09-22,1.733119
1997-09-29,1.909303
1997-10-05,1.869986
1997-10-12,2.065873
1997-10-19,2.1404
1997-10-27,1.688085
1997-11-03,1.801052
1997-11-09,1.480406
1997-11-16,1.03762
1997-11-23,0.953305
1997-12-01,0.828493
1997-12-08,1.03205
1997-12-15,1.185713
1997-12-21,1.195377
1997-12-28,1.462937
1998-01-04,1.787941
1998-01-12,1.385088
1998-01-19,1.253522
1998-01-26,1.455582
1998-02-01,1.777653
1998-02-08,1.782465
1998-02-16,1.448565
1998-02-23,1.292637
1998-03-02,1.506432
1998-03-08,1.713051
1998-03-15,1.611655
1998-03-22,1.274657
1998-03-30,0.781668
1998-04-06,0.479881
1998-04-13,0.425287
1998-04-19,0.515265
1998-04-26,0.934432
1998-05-03,0.790069
1998-05-11,0.658175
1998-05-18,0.543191
1998-05-24,0.518948
1998-05-31,0.685431
1998-06-07,0.825612
1998-06-15,0.683031
1998-06-22,0.666248
1998-06-29,0.60934
1998-07-05,0.437074
1998-07-12,0.469655
1998-07-19,0.646495
1998-07-27,0.62182
1998-08-03,0.601806
1998-08-10,0.674605
1998-08-16,0.43674
1998-08-23,0.437244
1998-08-31,0.448067
1998-09-07,0.424533
1998-09-14,0.521507
1998-09-20,0.410539
1998-09-27,0.412248
1998-10-04,0.444701
1998-10-12,0.287918
1998-10-19,0.212878
1998-10-26,0.279786
1998-11-01,0.192739
1998-11-08,0.106185
1998-11-15,-0.110496
1998-11-23,-0.609885
1998-11-30,-0.709685
1998-12-06,-0.695317
1998-12-13,-0.324432
1998-12-20,0.109239
1998-12-28,-0.042321
1999-01-04,-0.009552
1999-01-11,-0.041843
1999-01-17,-0.211574
1999-01-24,-0.732139
1999-01-31,-1.117847
1999-02-08,-1.257653
1999-02-15,-1.006895
1999-02-22,-1.055625
1999-02-28,-0.803697
1999-03-07,-0.897816
1999-03-15,-1.270568
1999-03-22,-1.404003
1999-03-29,-1.259568
1999-04-04,-1.079494
1999-04-11,-1.229641
1999-04-18,-1.192296
1999-04-26,-1.157225
1999-05-03,-1.098301
1999-05-10,-1.060612
1999-05-16,-0.998442
1999-05-23,-1.000126
1999-05-30,-0.827323
1999-06-07,-1.142824
1999-06-14,-1.23171
1999-06-21,-1.042062
1999-06-27,-0.924151
1999-07-04,-1.133837
1999-07-12,-1.34066
1999-07-19,-1.301614
1999-07-26,-1.291721
1999-08-01,-1.391802
1999-08-08,-1.32929
1999-08-15,-1.160252
1999-08-23,-1.379137
1999-08-30,-1.389303
1999-09-06,-1.407645
1999-09-12,-1.386782
1999-09-19,-1.322612
1999-09-26,-1.202965
1999-10-04,-1.104509
1999-10-11,-1.005498
1999-10-17,-1.203054
1999-10-24,-1.24794
1999-10-31,-1.37358
1999-11-08,-1.586483
1999-11-15,-1.425276
1999-11-22,-1.357507
1999-11-28,-1.725554
1999-12-05,-2.002933
1999-12-12,-1.589155
1999-12-20,-1.225677
1999-12-27,-1.105312
2000-01-02,-1.428265
2000-01-09,-1.785663
2000-01-16,-1.689867
2000-01-23,-1.71839
2000-01-30,-1.645633
2000-02-06,-1.405233
2000-02-13,-1.658356
2000-02-20,-1.930119
2000-02-27,-2.08195
2000-03-05,-1.854633
2000-03-12,-1.783379
2000-03-19,-1.777375
2000-03-26,-1.685445
2000-04-02,-1.502343
2000-04-09,-1.689536
2000-04-16,-1.886353
2000-04-23,-2.08183
2000-04-30,-1.937542
2000-05-07,-1.736677
2000-05-14,-1.786111
2000-05-21,-1.651145
2000-05-28,-1.683602
2000-06-04,-1.693156
2000-06-11,-1.615502
2000-06-18,-1.256046
2000-06-25,-1.246447
2000-07-02,-1.586571
2000-07-09,-1.664808
2000-07-16,-1.648266
2000-07-23,-1.573388
2000-07-30,-1.590699
2000-08-06,-1.48468
2000-08-13,-1.605512
2000-08-20,-1.84729
2000-08-27,-1.61437
2000-09-03,-1.241052
2000-09-10,-1.188614
2000-09-17,-1.358972
2000-09-24,-1.276485
2000-10-01,-1.187227
2000-10-08,-1.363029
2000-10-15,-1.47833
2000-10-22,-1.643937
2000-10-29,-1.675811
2000-11-05,-1.56661
2000-11-12,-1.626587
2000-11-19,-1.98609
2000-11-26,-1.77281
2000-12-03,-1.288128
2000-12-10,-1.619856
2000-12-17,-1.593215
2000-12-24,-1.514696
2001-01-01,-1.042331
2001-01-08,-0.939381
2001-01-15,-1.23967
2001-01-21,-1.511607
2001-01-28,-1.590978
2001-02-04,-1.657867
2001-02-12,-1.638941
2001-02-19,-1.687405
2001-02-26,-1.595507
2001-03-04,-1.402843
2001-03-11,-1.472446
2001-03-18,-1.461515
2001-03-26,-1.227276
2001-04-02,-1.467243
2001-04-09,-1.586955
2001-04-15,-1.767652
2001-04-22,-1.907089
2001-04-30,-1.826836
2001-05-07,-1.458214
2001-05-14,-1.345467
2001-05-20,-1.149964
2001-05-27,-1.060737
2001-06-03,-1.328892
2001-06-11,-1.419665
2001-06-18,-1.401712
2001-06-25,-1.433568
2001-07-01,-1.601787
2001-07-08,-1.344477
2001-07-15,-1.281757
2001-07-23,-1.252747
2001-07-30,-1.400311
2001-08-05,-1.542681
2001-08-12,-1.531266
2001-08-19,-1.59149
2001-08-27,-1.503191
2001-09-03,-1.133948
2001-09-10,-0.93252
2001-09-16,-1.069114
2001-09-23,-1.177575
2001-09-30,-1.036389
2001-10-08,-1.158048
2001-10-15,-1.026123
2001-10-22,-1.244193
2001-10-28,-1.427368
2001-11-04,-1.52162
2001-11-12,-1.650118
2001-11-19,-1.211455
2001-11-26,-1.146904
2001-12-02,-1.378627
2001-12-09,-1.665824
2001-12-16,-1.778415
2001-12-24,-1.642784
2001-12-31,-0.889744
2002-01-07,-0.59517
2002-01-13,-0.65784
2002-01-20,-1.318993
2002-01-27,-1.853807
2002-02-04,-1.688012
2002-02-11,-1.217755
2002-02-17,-0.966693
2002-02-24,-1.036117
2002-03-03,-0.814727
2002-03-11,-1.086096
2002-03-18,-1.252211
2002-03-25,-0.90851
2002-03-31,-0.432587
2002-04-07,-0.647819
2002-04-14,-0.680994
2002-04-22,-0.710389
2002-04-29,-0.694735
2002-05-06,-0.670076
2002-05-12,-0.732417
2002-05-19,-0.757684
2002-05-27,-0.822585
2002-06-03,-0.750651
2002-06-10,-0.94014
2002-06-16,-0.90068
2002-06-23,-0.800636
2002-06-30,-0.892523
2002-07-08,-0.730194
2002-07-15,-0.648549
2002-07-22,-0.504023
2002-07-28,-0.364954
2002-08-04,-0.512636
2002-08-11,-0.564451
2002-08-19,-0.447268
2002-08-26,-0.396891
2002-09-02,-0.319785
2002-09-08,-0.22239
2002-09-15,-0.30275
2002-09-23,-0.181063
2002-09-30,-0.236443
2002-10-07,-0.205704
2002-10-13,-0.095563
2002-10-20,0.092345
2002-10-27,0.09412
2002-11-04,-0.173342
2002-11-11,-0.334546
2002-11-18,0.022801
2002-11-24,0.597275
2002-12-01,0.967318
2002-12-08,0.499191
2002-12-16,-0.164449
2002-12-23,-0.322281
2002-12-29,0.043585
2003-01-05,0.598427
2003-01-12,0.906849
2003-01-20,1.061846
2003-01-27,1.118665
2003-02-03,1.428515
2003-02-09,1.309157
2003-02-16,0.721668
2003-02-23,0.492348
2003-03-03,0.848629
2003-03-10,0.515711
2003-03-17,0.297578
2003-03-23,0.520864
2003-03-30,0.680923
2003-04-07,0.549146
2003-04-14,0.427465
2003-04-21,0.332244
2003-04-27,0.47281
2003-05-04,0.501545
2003-05-11,0.366151
2003-05-19,0.515475
2003-05-26,0.444565
2003-06-02,0.553541
2003-06-08,0.884437
2003-06-15,0.653181
2003-06-22,0.498859
2003-06-30,0.679976
2003-07-07,0.567417
2003-07-13,0.560464
2003-07-20,0.768154
2003-07-27,1.065382
2003-08-04,1.069969
2003-08-11,1.038975
2003-08-18,0.732407
2003-08-24,0.819593
2003-08-31,0.987243
2003-09-07,0.741388
2003-09-15,0.773146
2003-09-22,0.782984
2003-09-29,0.938503
2003-10-05,0.950337
2003-10-12,0.961926
2003-10-19,1.056576
2003-10-27,1.382075
2003-11-03,1.131427
2003-11-09,0.678371
2003-11-16,0.603112
2003-12-01,0.216701
2003-12-08,0.03295
2003-12-15,0.245012
2003-12-21,0.54138
2003-12-28,0.665782
2004-01-04,1.002088
2004-01-11,1.31395
2004-01-18,1.269566
2004-01-25,0.858545
2004-02-01,0.563967
2004-02-08,0.738787
2004-02-15,0.947976
2004-02-22,0.952043
2004-02-29,0.739736
2004-03-07,0.746847
2004-03-14,0.787562
2004-03-21,0.607356
2004-03-28,0.411604
2004-04-04,0.631677
2004-04-11,0.624136
2004-04-18,0.407875
2004-04-25,0.730738
2004-05-02,1.065981
2004-05-09,1.115304
2004-05-16,0.978604
2004-05-23,1.107097
2004-05-30,1.163371
2004-06-06,0.90007
2004-06-13,1.057869
2004-06-20,0.914187
2004-06-27,0.776483
2004-07-04,0.642597
2004-07-11,0.783237
2004-07-18,0.923742
2004-07-25,1.027835
2004-08-01,0.807793
2004-08-08,0.641689
2004-08-15,0.831558
2004-08-22,0.899533
2004-08-29,1.185782
2004-09-05,1.091494
2004-09-12,0.636367
2004-09-19,0.404263
2004-09-26,0.481549
2004-10-03,0.706084
2004-10-10,0.790748
2004-10-17,0.99298
2004-10-24,0.661311
2004-10-31,0.34669
2004-11-07,0.685115
2004-11-14,0.605134
2004-11-21,0.369273
2004-11-28,0.144101
2004-12-05,-0.202231
2004-12-12,0.002036
2004-12-19,0.605348
2004-12-26,0.772111
2005-01-03,1.060003
2005-01-09,1.257057
2005-01-16,1.053285
2005-01-24,1.094136
2005-01-31,0.945338
2005-02-07,0.883806
2005-02-13,1.018194
2005-02-20,0.860705
2005-02-27,0.602662
2005-03-07,1.063611
2005-03-14,1.540107
2005-03-21,1.359988
2005-03-27,0.786424
2005-04-03,0.614428
2005-04-10,0.502167
2005-04-18,0.776977
2005-04-25,1.164269
2005-05-01,1.217194
2005-05-08,0.89483
2005-05-15,0.646036
2005-05-23,0.816042
2005-05-30,0.770353
2005-06-06,0.604193
2005-06-12,0.401
2005-06-19,0.622435
2005-06-26,0.815982
2005-07-04,0.683025
2005-07-11,0.801449
2005-07-18,1.057389
2005-07-24,1.086472
2005-07-31,0.792413
2005-08-07,0.777429
2005-08-15,0.850102
2005-08-22,1.090534
2005-08-28,1.115801
2005-09-04,0.826296
2005-09-11,0.970833
2005-09-19,1.059296
2005-10-03,0.469497
2005-10-09,0.397486
2005-10-16,0.543384
2005-10-23,0.575033
2005-10-31,0.475085
2005-11-07,0.526359
2005-11-14,0.857026
2005-11-20,0.786126
2005-11-27,0.676566
2005-12-05,0.596423
2005-12-12,0.426045
2005-12-19,0.637961
2005-12-25,0.789756
2006-01-01,0.786381
2006-01-08,0.558522
2006-01-16,0.471129
2006-01-23,0.129698
2006-01-30,0.318532
2006-02-05,0.558303
2006-02-12,0.476827
2006-02-19,0.038229
2006-02-27,-0.326887
2006-03-06,-0.312874
2006-03-12,-0.225922
2006-03-19,-0.181213
2006-03-26,-0.026274
2006-04-03,-0.315793
2006-04-10,-0.393943
2006-04-17,-0.591571
2006-04-23,-0.365771
2006-04-30,-0.080758
2006-05-07,-0.020468
2006-05-15,-0.058139
2006-05-22,-0.30535
2006-05-29,-0.321113
2006-06-04,-0.139931
2006-06-11,-0.212611
2006-06-19,-0.395466
2006-06-26,-0.120478
2006-07-03,-0.001078
2006-07-09,0.013908
2006-07-16,-0.013329
2006-07-23,0.10425
2006-07-31,0.023449
2006-08-07,-0.211577
2006-08-14,-0.175461
2006-08-20,-0.42866
2006-08-27,-0.353874
2006-09-03,-0.253161
2006-09-11,-0.34372
2006-09-18,-0.274318
2006-09-24,-0.076917
2006-10-01,0.209256
2006-10-08,0.433239
2006-10-16,0.237619
2006-10-23,0.015159
2006-10-30,0.119797
2006-11-19,-0.090224
2006-11-27,-0.309098
2006-12-04,-0.448081
2006-12-11,-0.383012
2006-12-17,-0.241102
2006-12-24,-0.179945
2007-01-01,-0.108124
2007-01-08,-0.11557
2007-01-15,-0.498883
2007-01-21,-0.261293
2007-01-28,0.384673
2007-02-04,0.526565
2007-02-12,-0.082212
2007-02-19,-0.699746
2007-02-26,-0.978241
2007-03-04,-0.385049
2007-03-11,0.179585
2007-03-18,-0.105578
2007-03-26,-0.325429
2007-04-02,-0.090358
2007-04-09,-0.287829
2007-04-15,-0.312825
2007-04-22,-0.545195
2007-04-30,-0.184726
2007-05-07,-0.237651
2007-05-14,-0.333732
2007-05-20,-0.237686
2007-05-27,-0.22513
2007-06-03,-0.331195
2007-06-11,-0.507427
2007-06-18,-0.406278
2007-06-25,-0.495758
2007-07-01,-0.463226
2007-07-08,0.000297
2007-07-15,-0.073861
2007-07-23,-0.341884
2007-07-30,-0.237268
2007-08-05,-0.295804
2007-08-12,-0.518673
2007-08-19,-0.493209
2007-08-27,-0.352809
2007-09-03,-0.376432
2007-09-10,-0.200888
2007-09-16,-0.389249
2007-09-23,-0.396064
2007-09-30,-0.457434
2007-10-08,-0.630485
2007-10-15,-0.905437
2007-10-22,-0.845601
2007-10-28,-0.809876
2007-11-04,-0.848332
2007-11-12,-0.713777
2007-11-19,-0.668979
2007-11-26,-0.271904
2007-12-02,-0.182114
2007-12-09,-0.402238
2007-12-16,-0.812142
2007-12-24,-0.938177
2007-12-31,-0.953007
2008-01-06,-0.723169
2008-01-13,-0.288155
2008-01-20,-0.361247
2008-01-27,-0.943426
2008-02-03,-1.365299
2008-02-10,-1.339753
2008-02-17,-0.929187
2008-02-24,-0.765014
2008-03-02,-0.902796
2008-03-09,-1.135522
2008-03-16,-1.494537
2008-03-23,-1.323847
2008-03-30,-1.131275
2008-04-06,-1.178484
2008-04-13,-1.207017
2008-04-20,-1.020772
2008-04-27,-1.093942
2008-05-04,-1.324523
2008-05-11,-1.110426
2008-05-18,-0.885609
2008-05-25,-0.703682
2008-06-01,-0.792499
2008-06-08,-0.852072
2008-06-15,-0.865177
2008-06-22,-0.830837
2008-06-29,-0.76299
2008-07-06,-0.75378
2008-07-13,-0.653667
2008-07-20,-0.66611
2008-07-27,-0.826292
2008-08-03,-0.935599
2008-08-10,-0.900527
2008-08-17,-0.915265
2008-08-24,-1.111374
2008-08-31,-0.900948
2008-09-07,-0.930215
2008-09-14,-0.859338
2008-09-21,-0.771455
2008-09-28,-0.727727
2008-10-05,-0.860171
2008-10-12,-0.955949
2008-10-19,-1.160237
2008-10-26,-1.186912
2008-11-02,-1.150482
2008-11-09,-1.235347
2008-11-16,-1.15473
2008-11-23,-1.265914
2008-11-30,-0.612136
2008-12-07,-0.483119
2008-12-14,-0.609345
2008-12-21,-0.768751
2008-12-28,-1.187234
2009-01-04,-1.311257
2009-01-12,-0.952943
2009-01-19,-0.680694
2009-01-26,-0.928209
2009-02-01,-1.438961
2009-02-08,-1.553885
2009-02-16,-1.478375
2009-02-23,-1.490906
2009-03-02,-1.300784
2009-03-08,-1.282305
2009-03-15,-1.367035
2009-03-22,-1.471028
2009-03-30,-1.674867
2009-04-06,-1.619706
2009-04-13,-1.638628
2009-04-19,-1.435304
2009-04-26,-1.125376
2009-05-03,-1.293605
2009-05-11,-1.242705
2009-05-18,-1.04794
2009-05-24,-0.816609
2009-05-31,-0.859147
2009-06-07,-0.835203
2009-06-15,-0.839093
2009-06-22,-0.878412
2009-06-29,-0.728654
2009-07-05,-0.936342
2009-07-12,-1.05354
2009-07-19,-0.99123
2009-07-27,-0.714021
2009-08-03,-0.870467
2009-08-10,-0.986251
2009-08-16,-0.857757
2009-08-23,-0.771641
2009-08-31,-0.830405
2009-09-07,-0.755895
2009-09-14,-0.669904
2009-09-20,-0.475256
2009-09-27,-0.434267
2009-10-04,-0.470828
2009-10-12,-0.49361
2009-10-19,-0.4728
2009-10-26,-0.658333
2009-11-01,-0.782085
2009-11-08,-0.753558
2009-11-15,-1.116349
2009-11-23,-1.092236
2009-11-30,-0.5308
2009-12-06,-0.065513
2009-12-13,-0.189276
2009-12-20,-0.423865
2009-12-28,-0.261458
2010-01-04,-0.115554
2010-01-11,0.147811
2010-01-17,-0.024599
2010-01-24,0.2079
2010-01-31,0.38561
2010-02-08,0.056182
2010-02-15,-0.103825
2010-02-22,0.097032
2010-02-28,-0.003146
2010-03-07,-0.258198
2010-03-15,-0.058236
2010-03-22,-0.011957
2010-03-29,-0.586243
2010-04-04,-0.430609
2010-04-11,-0.090047
2010-04-18,-0.303859
2010-04-26,-0.395209
2010-05-03,-0.291549
2010-05-10,-0.346051
2010-05-16,-0.345695
2010-05-23,-0.313758
2010-05-30,0.042753
2010-06-07,-0.053072
2010-06-14,-0.27131
2010-06-21,-0.232371
2010-06-27,-0.354528
2010-07-04,-0.40653
2010-07-12,-0.285197
2010-07-19,-0.14428
2010-07-26,-0.241218
2010-08-01,-0.560944
2010-08-08,-0.432241
2010-08-15,-0.319454
2010-08-23,-0.377119
2010-08-30,-0.369884
2010-09-06,-0.387956
2010-09-12,-0.429378
2010-09-19,-0.422012
2010-09-26,-0.473586
2010-10-04,-0.193488
2010-10-11,-0.301655
2010-10-17,-0.481749
2010-10-24,-0.300402
2010-10-31,-0.193265
2010-11-08,0.124151
2010-11-15,0.084395
2010-11-22,-0.202136
2010-11-28,-0.822021
2010-12-05,-0.617129
2010-12-12,-0.476464
2010-12-20,-0.481526
2010-12-27,-0.279565
2011-01-03,-0.301048
2011-01-09,0.033177
2011-01-16,-0.103071
2011-01-24,-0.327041
2011-01-31,-0.360113
2011-02-07,-0.529952
2011-02-13,-0.810683
2011-02-20,-0.430103
2011-02-27,-0.208133
2011-03-07,-0.445906
2011-03-14,-0.651816
2011-03-21,-0.732363
2011-03-27,-0.82386
2011-04-03,-0.907644
2011-04-10,-0.696589
2011-04-18,-0.45372
2011-04-25,-0.698167
2011-05-01,-0.929503
2011-05-08,-0.856197
2011-05-15,-0.676894
2011-05-23,-0.669172
2011-05-30,-0.824299
2011-06-06,-0.868727
2011-06-12,-0.96254
2011-06-19,-1.099912
2011-06-26,-1.108522
2011-07-04,-1.056981
2011-07-11,-1.006451
2011-07-18,-1.062711
2011-07-24,-0.973378
2011-07-31,-0.938509
2011-08-07,-1.052256
2011-08-15,-0.881712
2011-08-22,-0.780572
2011-08-28,-0.831922
2011-09-04,-0.733835
2011-09-11,-0.793917
2011-09-19,-1.0738
2011-09-26,-0.866629
2011-10-03,-0.811269
2011-10-09,-0.935323
2011-10-16,-0.711393
2011-10-23,-0.760259
2011-10-31,-0.856574
2011-11-07,-1.014933
2011-11-14,-1.396863
2011-11-20,-1.633493
2011-11-27,-1.370093
2011-12-05,-1.116466
2011-12-12,-1.255999
2011-12-19,-1.500713
2011-12-25,-1.620353
2012-01-01,-1.419933
2012-01-08,-1.113169
2012-01-15,-0.803474
2012-01-22,-1.309174
2012-01-29,-1.24973
2012-02-05,-0.798895
2012-02-12,-0.960697
2012-02-19,-1.067451
2012-02-26,-1.367053
2012-03-04,-1.580311
2012-03-11,-1.693193
2012-03-18,-1.678642
2012-03-25,-1.838916
2012-04-01,-1.583636
2012-04-08,-1.318062
2012-04-15,-1.32266
2012-04-22,-1.322923
2012-04-29,-1.443628
2012-05-06,-1.412566
2012-05-13,-1.101685
2012-05-20,-1.309277
2012-05-27,-1.491994
2012-06-03,-1.736534
2012-06-10,-1.735792
2012-06-17,-1.550423
2012-06-24,-1.631101
2012-07-01,-1.905325
2012-07-08,-1.647797
2012-07-15,-1.479532
2012-07-22,-1.528556
2012-07-29,-1.399334
2012-08-05,-1.272577
2012-08-12,-1.350313
2012-08-19,-1.336343
2012-08-26,-1.276114
2012-09-02,-1.462605
2012-09-09,-1.287237
2012-09-16,-1.185841
2012-09-23,-1.190731
2012-09-30,-0.69584
2012-10-07,-0.669997
2012-10-14,-0.851748
2012-10-21,-0.893501
2012-10-28,-1.083161
2012-11-04,-0.902336
2012-11-11,-0.965196
2012-11-18,-1.172126
2012-11-25,-1.100541
2012-12-02,-0.804599
2012-12-09,-0.69245
2012-12-16,-1.547454
2012-12-23,-1.676591
2012-12-30,-1.547506
2013-01-07,-1.581893
2013-01-13,-1.46718
2013-01-20,-1.222852
2013-01-27,-1.176629
2013-02-04,-1.554787
2013-02-11,-1.704269
2013-02-17,-1.885767
2013-02-24,-2.1145
2013-03-03,-1.648211
2013-03-11,-1.19326
2013-03-18,-0.977636
2013-03-25,-1.053242
2013-04-07,-0.970638
2013-04-14,-0.97094
2013-04-22,-0.847716
2013-04-29,-0.773237
2013-05-06,-0.918667
2013-05-12,-1.034712
2013-05-19,-0.911407
2013-05-27,-0.954478
2013-06-03,-1.06979
2013-06-10,-0.83985
2013-06-16,-1.032674
2013-06-23,-0.984568
2013-06-30,-0.836867
2013-07-08,-0.668151
2013-07-15,-0.761883
2013-07-22,-0.605488
2013-07-28,-0.582573
2013-08-04,-0.725146
2013-08-11,-0.708329
2013-08-19,-0.721057
2013-08-26,-0.789004
2013-09-02,-0.637078
2013-09-15,-0.623288
2013-09-23,-0.671343
2013-09-30,-0.633247
2013-10-07,-0.450042
2013-10-13,-0.476887
2013-10-20,-0.350357
2013-10-27,-0.372866
2013-11-04,-0.330568
2013-11-11,-0.344214
2013-11-18,-0.229182
2013-11-24,-0.065285
2013-12-01,-0.237575
2013-12-08,-0.444662
2013-12-16,-0.410312
2013-12-23,-0.525753
2013-12-29,-0.385018
2014-01-05,-0.305807
2014-01-12,-0.303896
2014-01-20,0.165603
2014-01-27,0.633385
2014-02-03,0.436243
2014-02-09,-0.081609
2014-02-16,-0.193457
2014-02-23,0.364489
2014-03-03,0.695185
2014-03-10,0.484638
2014-03-17,0.409859
2014-03-23,0.405528
2014-03-30,0.158836
2014-04-07,0.359031
2014-04-14,0.550374
2014-04-21,0.300602
2014-04-27,0.292105
2014-05-04,0.638334
2014-05-11,0.807619
2014-05-19,0.819444
2014-05-26,0.823684
2014-06-02,0.689673
2014-06-08,0.627959
2014-06-15,0.678883
2014-06-22,0.78254
2014-06-30,0.806853
2014-07-07,0.934616
2014-07-13,0.860102
2014-07-20,0.673171
2014-07-27,0.746923
2014-08-04,0.737526
2014-08-11,0.847286
2014-08-18,1.07607
2014-08-24,1.086583
2014-08-31,1.13891
2014-09-07,1.212188
2014-09-15,1.258058
2014-09-22,1.209389
2014-09-29,1.202168
2014-10-05,1.170067
2014-10-12,1.111308
2014-10-19,1.06652
2014-10-27,1.005089
2014-11-03,1.17742
2014-11-09,1.263768
2014-11-16,1.181776
2014-11-23,1.028801
2014-12-01,1.174694
2014-12-08,1.06585
2014-12-15,1.030517
2014-12-21,1.338824
2014-12-28,1.904503
2015-01-04,1.973781
2015-01-12,1.749291
2015-01-19,1.612742
2015-01-26,1.690465
2015-02-01,1.879644
2015-02-08,2.174425
2015-02-16,2.366457
2015-02-23,2.165607
2015-03-02,2.149867
2015-03-08,2.294463
2015-03-15,2.252482
2015-03-22,2.030411
2015-03-30,1.901556
2015-04-06,1.839073
2015-04-13,1.545437
2015-04-19,1.604724
2015-04-26,1.543595
2015-05-03,1.472868
2015-05-11,1.508154
2015-05-18,1.689223
2015-05-24,1.784837
2015-05-31,1.623052
2015-06-07,1.497088
2015-06-15,1.667304
2015-06-22,1.768237
2015-06-29,2.124198
2015-07-05,1.98025
2015-07-12,1.740343
2015-07-19,1.834418
2015-07-27,1.824019
2015-08-03,1.802218
2015-08-10,1.815286
2015-08-16,1.804172
2015-08-23,2.030547
2015-08-31,1.970559
2015-09-07,1.825242
2015-09-14,2.068425
2015-09-20,1.947998
2015-09-27,2.018266
2015-10-04,2.290856
2015-10-12,2.185191
2015-10-19,2.269746
2015-10-26,2.296183
2015-11-01,2.086832
2015-11-08,1.831551
2015-11-15,1.596089
2015-11-23,1.571816
2015-11-30,1.379444
2015-12-06,1.120952
2015-12-13,1.168738
2015-12-20,1.278928
2015-12-28,1.383703
2016-01-03,1.471126
2016-01-10,1.738868
2016-01-17,1.849509
2016-01-24,1.835065
2016-01-31,1.899811
2016-02-07,1.98759
2016-02-14,2.048763
2016-02-21,2.355639
2016-02-28,2.378648
2016-03-06,2.176278
2016-03-13,1.914352
2016-03-20,2.005234
2016-03-27,2.102799
2016-04-03,2.129448
2016-04-10,1.727606
2016-04-17,1.707314
2016-04-24,1.747117
2016-05-01,1.761981
2016-05-08,1.959813
2016-05-15,1.982175
2016-05-22,1.949177
2016-05-29,1.902426
2016-06-05,1.919287
2016-06-12,1.766591
2016-06-19,1.798247
2016-06-26,1.788369
2016-07-03,1.466869
2016-07-10,1.257059
2016-07-17,1.02076
2016-07-24,1.230359
2016-07-31,1.087541
2016-08-07,1.151214
2016-08-14,1.246031
2016-08-21,1.32506
2016-08-28,1.372066
2016-09-04,1.289093
2016-09-11,1.303391
2016-09-18,1.185291
2016-09-25,1.505969
2016-10-02,1.493228
2016-10-09,1.187455
2016-10-16,1.160182
2016-10-23,1.06011
2016-10-30,1.002905
2016-11-06,0.784415
2016-11-13,0.880435
2016-11-20,0.593856
2016-11-27,0.571525
2016-12-04,1.063489
2016-12-11,1.201534
2016-12-18,0.859335
2016-12-25,0.761188
2017-01-01,1.006547
2017-01-08,0.875457
2017-01-16,0.302711
2017-01-23,-0.018263
2017-01-30,0.691019
2017-02-05,1.065161
2017-02-12,0.694066
2017-02-19,0.664879
2017-02-27,0.675408
2017-03-06,0.771064
2017-03-12,0.805248
2017-03-19,0.648772
2017-03-26,0.313236
2017-04-03,0.492062
2017-04-10,0.597182
2017-04-17,0.733309
2017-04-23,0.641944
2017-04-30,0.50357
2017-05-07,0.333799
2017-05-15,0.266842
2017-05-22,0.301135
2017-05-29,0.58828
2017-06-04,0.330956
2017-06-11,0.442566
2017-06-19,0.473542
2017-06-26,0.503845
2017-07-03,0.322625
2017-07-09,0.329953
2017-07-16,0.30773
2017-07-23,0.396167
2017-07-31,0.54934
2017-08-07,0.607442
2017-08-14,0.464409
2017-08-20,0.364587
2017-08-27,0.316906
2017-09-03,0.326952
2017-09-11,0.282141
2017-09-18,0.601649
2017-09-24,0.509777
2017-10-01,0.601561
2017-10-08,0.621342
2017-10-16,0.145595
2017-10-23,0.123425
2017-10-30,0.543635
2017-11-05,0.520353
2017-11-12,0.12994
2017-11-19,0.169953
2017-11-27,0.20704
2017-12-04,0.397412
2017-12-11,0.606081
2017-12-17,0.539093
2017-12-24,0.337443
2018-01-01,0.104432
2018-01-08,0.022758
2018-01-15,-0.034712
2018-01-21,0.086733
2018-01-28,0.538558
2018-02-04,0.723594
2018-02-12,0.67033
2018-02-19,0.141536
2018-02-26,-0.345069
2018-03-04,-0.374354
2018-03-11,-0.414734
2018-03-18,-0.140515
2018-03-26,0.091076
2018-04-02,0.204785
2018-04-09,-0.287115
2018-04-15,-0.388641
2018-04-22,0.025636
2018-04-30,0.370644
2018-05-07,0.460771
2018-05-14,0.435203
2018-05-20,0.262691
2018-05-27,0.156795
2018-06-03,0.008442
2018-06-11,0.060196
2018-06-18,0.327437
2018-06-25,0.310089
2018-07-01,0.018909
2018-07-08,-0.131613
2018-07-15,-0.127857
2018-07-23,-0.028217
2018-07-30,0.222745
2018-08-05,0.327825
2018-08-12,0.607983
2018-08-19,0.413796
2018-08-27,0.246953
2018-09-03,0.27566
2018-09-10,0.264005
2018-09-16,0.486786
2018-09-23,0.782097
2018-09-30,0.857051
2018-10-08,0.5333
2018-10-15,0.39763
2018-10-22,0.340178
2018-10-28,0.379369
2018-11-04,0.612218
2018-11-12,0.71296
2018-11-19,0.745416
2018-11-26,0.495053
2018-12-02,0.476947
2018-12-09,0.103654
2018-12-16,0.008412
2018-12-24,0.131509
2018-12-31,0.348485
2019-01-07,0.450633
2019-01-13,0.494299
2019-01-20,0.472384
2019-01-27,0.29973
2019-02-04,0.129015
2019-02-11,-0.178686
2019-02-17,-0.400124
2019-02-24,-0.164999
2019-03-11,0.215195
2019-03-18,0.283581
2019-03-25,0.585828
2019-03-31,0.751125
2019-04-07,0.458133
2019-04-14,0.143814
2019-04-22,0.43381
2019-04-29,0.605218
2019-05-06,0.668841
2019-05-12,0.615055
2019-05-19,0.481892
2019-05-27,0.35662
2019-06-03,0.214062
2019-06-10,0.470269
2019-06-16,0.65396
2019-06-23,0.998445
2019-06-30,0.924213
2019-07-08,0.828729
2019-07-15,0.675879
2019-07-22,0.610706
2019-07-28,0.81664
2019-08-04,0.723076
2019-08-11,0.933821
2019-08-19,1.005655
2019-08-26,1.200618
2019-09-02,1.246379
2019-09-08,1.164585
2019-09-15,1.088723
2019-09-23,1.009274
2019-09-30,0.941477
2019-10-07,0.896976
2019-10-13,0.786949
2019-10-20,0.879261
2019-10-27,1.255735
2019-11-04,1.52945
2019-11-11,1.555785
2019-11-18,1.252855
2019-11-24,1.017572
2019-12-01,1.006398
2019-12-08,0.824142
2019-12-16,0.637385
2019-12-23,0.862791
2019-12-29,0.782074
2020-01-05,0.444917
2020-01-12,0.187809
2020-01-19,0.319559
2020-01-26,0.340298
2020-02-16,0.083455
2020-02-23,0.104293
2020-03-01,0.028341
2020-03-08,0.116127
2020-03-15,0.488338
2020-03-22,0.107421
2020-03-29,-0.111821
2020-04-05,0.465866
2020-04-12,0.685498
2020-04-19,0.349247
2020-04-26,0.33863
2020-05-03,0.504393
2020-05-10,0.857608
2020-05-17,1.075995
2020-05-24,1.080187
2020-05-31,0.913791
2020-06-07,0.574441
2020-06-14,0.535203
2020-06-21,0.64782
2020-06-28,0.725002
2020-07-05,0.565808
2020-07-12,0.405865
2020-07-19,0.311908
2020-07-26,0.195279
2020-08-02,-0.062757
2020-08-09,0.067159
2020-08-16,0.324547
2020-08-23,0.468653
2020-08-30,0.499144
2020-09-06,0.628562
2020-09-13,0.721695
2020-09-20,0.511222
2020-09-27,0.477363
2020-10-04,0.820261
2020-10-11,0.937571
2020-10-18,1.135905
2020-10-25,1.293571
2020-11-01,0.995347
2020-11-08,0.696755
2020-11-15,0.312118
2020-11-22,0.344398
2020-11-29,0.476408
2020-12-06,0.779123
2020-12-13,0.768845
2020-12-20,0.395763
2020-12-27,0.074094
2021-01-04,-0.033562
2021-01-11,0.359299
2021-01-17,0.691179
2021-01-24,0.231744
2021-01-31,0.025169
2021-02-08,0.419065
2021-02-15,0.178006
2021-02-22,-0.100809
2021-02-28,-0.286175
2021-03-07,-0.449627
2021-03-15,-0.623668
2021-03-22,-0.359973
2021-03-29,0.179251
2021-04-04,0.443525
2021-04-11,0.436679
2021-04-18,0.358392
2021-04-26,-0.002296
2021-05-03,-0.107339
2021-05-10,0.035968
2021-05-16,0.116276
2021-05-23,0.041532
2021-05-30,0.01742
2021-06-07,-0.229711
2021-06-14,-0.102352
2021-06-21,0.257848
2021-06-27,0.290963
2021-07-04,0.036029
2021-07-12,-0.164802
2021-07-19,-0.277639
2021-07-26,-0.155168
2021-08-01,0.038661
2021-08-08,0.106131
2021-08-15,0.070816
2021-08-23,-0.099179
2021-08-30,-0.212031
2021-09-06,-0.041899
2021-09-12,-0.062426
2021-09-19,-0.351053
2021-09-26,-0.418156
2021-10-04,-0.404289
2021-10-11,-0.608864
2021-10-17,-0.787954
2021-10-24,-0.655205
2021-10-31,-0.356943
2021-11-08,-0.414667
2021-11-15,-0.522912
2021-11-22,-0.415479
2021-11-28,0.113974
2021-12-05,0.069898
2021-12-12,-0.551042
2021-12-20,-0.556213
2021-12-27,-0.630587
2022-01-03,-0.381856
2022-01-09,-0.321353
2022-01-16,-0.085314
2022-01-24,0.05388
2022-01-31,0.175777
2022-02-07,0.135816
2022-02-13,0.061357
2022-02-20,-0.078353
2022-02-27,-0.294976
2022-03-07,-0.020191
2022-03-14,-0.292074
2022-03-21,-0.550832
2022-03-27,-0.444981
2022-04-03,-0.35131
2022-04-10,-0.245411
2022-04-18,-0.6119
2022-04-25,-0.697769
2022-05-01,-0.555732
2022-05-08,-0.13715
2022-05-15,0.070365
2022-05-23,0.00885
2022-05-30,-0.048993
2022-06-06,-0.022011
2022-06-12,0.057629
2022-06-19,0.046896
2022-06-26,0.069462
2022-07-04,-0.194132
2022-07-11,-0.125881
2022-07-18,-0.030692
2022-07-24,0.079369
2022-07-31,-0.008084
2022-08-07,-0.022083
2022-08-15,-0.044665
2022-08-22,-0.128834
2022-08-28,-0.105096
2022-09-04,0.080411
2022-09-11,0.548921
2022-09-19,0.58023
2022-09-26,0.291631
2022-10-03,0.484237
2022-10-09,0.605492
2022-10-16,0.702426
2022-10-23,0.764839
2022-10-31,0.33292
2022-11-07,-0.073742
2022-11-14,-0.058962
2022-11-20,0.251067
2022-11-27,0.138235
2022-12-05,-0.002991
2022-12-12,0.036128
2022-12-19,0.254413
2022-12-25,0.148877
2023-01-01,0.158559
2023-01-01,0.105356
2023-01-08,0.11881
2023-01-16,0.296562
2023-01-23,0.660667
2023-01-30,0.481791
2023-02-05,0.018401
2023-02-12,-0.334597
2023-02-19,-0.00932
2023-02-27,0.129277
2023-03-06,0.168506
2023-03-12,0.237121
2023-03-19,0.025952
2023-03-26,-0.009866
2023-04-03,-0.146264
2023-04-10,-0.364318
2023-04-17,-0.300169
2023-04-23,-0.025323
2023-04-30,0.195729
2023-05-07,0.161039
2023-05-15,0.275428
2023-05-22,0.37568
2023-05-29,0.416952
2023-06-04,0.397219
2023-06-11,0.172138
2023-06-19,-0.120633
2023-06-26,-0.332305
2023-07-03,-0.145762
2023-07-09,0.140449
2023-07-16,0.14409
2023-07-23,0.216501
2023-07-31,0.31405
2023-08-07,0.355647
2023-08-14,0.359975
2023-08-20,0.334356
2023-08-27,0.28884
2023-09-03,0.467197
2023-09-11,0.472786
2023-09-18,0.555396
2023-09-24,0.384552
2023-10-01,0.419278
2023-10-08,0.420404
2023-10-16,0.697248
2023-10-23,1.124271
2023-10-30,0.836391
2023-11-05,0.446215
2023-11-12,0.476295
2023-11-19,0.556644
2023-11-27,0.539872
2023-12-04,0.213297
2023-12-11,0.432811
2023-12-17,0.449636
2023-12-24,0.416906
2024-01-01,0.466213
2024-01-07,0.660766
2024-01-14,0.973435
2024-01-21,1.139967
2024-01-28,1.076518
2024-02-04,0.738733
2024-02-11,1.098575
2024-02-18,1.323898
2024-02-25,0.828997
2024-03-03,0.27858
2024-03-10,0.198557
2024-03-17,0.827303
2024-03-24,0.757327
2024-03-31,0.376825
2024-04-07,-0.024938
2024-04-14,0.650134
2024-04-21,0.569756
2024-04-28,0.201163
2024-05-05,0.249031
2024-05-12,0.655849
2024-05-19,1.000201
2024-05-26,0.693749
2024-06-02,0.47636
2024-06-09,0.529925
